[2026-08-27 15:11:03 PP1 ATTN_CP6 TP6 EP6] [PP-OUTPUT-DEBUG] commit end: pp_rank=1 tp_rank=0 cp_rank=6 next_first_mb=1 next_mb=0 received_output=False d2h_event=None new_send_work=0
[2026-08-27 15:11:03 PP1 ATTN_CP5 TP5 EP5] [PP-OUTPUT-DEBUG] commit end: pp_rank=1 tp_rank=0 cp_rank=5 next_first_mb=1 next_mb=0 received_output=False d2h_event=None new_send_work=0
[2026-08-27 15:11:03 PP1 ATTN_CP2 TP2 EP2] [PP-OUTPUT-DEBUG] commit end: pp_rank=1 tp_rank=0 cp_rank=2 next_first_mb=1 next_mb=0 received_output=False d2h_event=None new_send_work=0
[2026-08-27 15:11:03 PP1 ATTN_CP1 TP1 EP1] [PP-OUTPUT-DEBUG] commit end: pp_rank=1 tp_rank=0 cp_rank=1 next_first_mb=1 next_mb=0 received_output=False d2h_event=None new_send_work=0
[2026-08-27 15:11:03 PP1 ATTN_CP7 TP7 EP7] [PP-OUTPUT-DEBUG] commit end: pp_rank=1 tp_rank=0 cp_rank=7 next_first_mb=1 next_mb=0 received_output=False d2h_event=None new_send_work=0
[2026-08-27 15:11:03 PP1 ATTN_CP0 TP0 EP0] [PP-OUTPUT-DEBUG] commit begin: pp_rank=1 tp_rank=0 cp_rank=0 next_first_mb=0 next_mb=1 pending_send_work=0 has_pp_outputs=False
[2026-08-27 15:11:03 PP1 ATTN_CP6 TP6 EP6] [PP-OUTPUT-DEBUG] commit begin: pp_rank=1 tp_rank=0 cp_rank=6 next_first_mb=0 next_mb=1 pending_send_work=0 has_pp_outputs=False
[2026-08-27 15:11:03 PP1 ATTN_CP2 TP2 EP2] [PP-OUTPUT-DEBUG] commit begin: pp_rank=1 tp_rank=0 cp_rank=2 next_first_mb=0 next_mb=1 pending_send_work=0 has_pp_outputs=False
[2026-08-27 15:11:03 PP1 ATTN_CP4 TP4 EP4] [PP-OUTPUT-DEBUG] commit begin: pp_rank=1 tp_rank=0 cp_rank=4 next_first_mb=0 next_mb=1 pending_send_work=0 has_pp_outputs=False
[2026-08-27 15:11:03 PP1 ATTN_CP0 TP0 EP0] [PP-OUTPUT-DEBUG] previous send committed: pp_rank=1 tp_rank=0 cp_rank=0 next_first_mb=0 next_mb=1
[2026-08-27 15:11:03 PP1 ATTN_CP6 TP6 EP6] [PP-OUTPUT-DEBUG] previous send committed: pp_rank=1 tp_rank=0 cp_rank=6 next_first_mb=0 next_mb=1
[2026-08-27 15:11:03 PP1 ATTN_CP2 TP2 EP2] [PP-OUTPUT-DEBUG] previous send committed: pp_rank=1 tp_rank=0 cp_rank=2 next_first_mb=0 next_mb=1
[2026-08-27 15:11:03 PP1 ATTN_CP7 TP7 EP7] [PP-OUTPUT-DEBUG] commit begin: pp_rank=1 tp_rank=0 cp_rank=7 next_first_mb=0 next_mb=1 pending_send_work=0 has_pp_outputs=False
[2026-08-27 15:11:03 PP1 ATTN_CP0 TP0 EP0] [PP-OUTPUT-DEBUG] send/recv plan: pp_rank=1 tp_rank=0 cp_rank=0 next_first_mb=0 next_mb=1 send_first=False is_last=True has_forward_output=False send_target_exists=False recv_target_exists=False last_queue_len=0
[2026-08-27 15:11:03 PP1 ATTN_CP5 TP5 EP5] [PP-OUTPUT-DEBUG] commit begin: pp_rank=1 tp_rank=0 cp_rank=5 next_first_mb=0 next_mb=1 pending_send_work=0 has_pp_outputs=False
[2026-08-27 15:11:03 PP1 ATTN_CP3 TP3 EP3] [PP-OUTPUT-DEBUG] commit begin: pp_rank=1 tp_rank=0 cp_rank=3 next_first_mb=0 next_mb=1 pending_send_work=0 has_pp_outputs=False
[2026-08-27 15:11:03 PP1 ATTN_CP1 TP1 EP1] [PP-OUTPUT-DEBUG] commit begin: pp_rank=1 tp_rank=0 cp_rank=1 next_first_mb=0 next_mb=1 pending_send_work=0 has_pp_outputs=False
[2026-08-27 15:11:03 PP1 ATTN_CP4 TP4 EP4] [PP-OUTPUT-DEBUG] previous send committed: pp_rank=1 tp_rank=0 cp_rank=4 next_first_mb=0 next_mb=1
[2026-08-27 15:11:03 PP1 ATTN_CP6 TP6 EP6] [PP-OUTPUT-DEBUG] send/recv plan: pp_rank=1 tp_rank=0 cp_rank=6 next_first_mb=0 next_mb=1 send_first=False is_last=True has_forward_output=False send_target_exists=False recv_target_exists=False last_queue_len=0
[2026-08-27 15:11:03 PP1 ATTN_CP2 TP2 EP2] [PP-OUTPUT-DEBUG] send/recv plan: pp_rank=1 tp_rank=0 cp_rank=2 next_first_mb=0 next_mb=1 send_first=False is_last=True has_forward_output=False send_target_exists=False recv_target_exists=False last_queue_len=0
[2026-08-27 15:11:03 PP1 ATTN_CP7 TP7 EP7] [PP-OUTPUT-DEBUG] previous send committed: pp_rank=1 tp_rank=0 cp_rank=7 next_first_mb=0 next_mb=1
[2026-08-27 15:11:03 PP1 ATTN_CP0 TP0 EP0] [PP-OUTPUT-DEBUG] commit end: pp_rank=1 tp_rank=0 cp_rank=0 next_first_mb=0 next_mb=1 received_output=False d2h_event=None new_send_work=0
[2026-08-27 15:11:03 PP1 ATTN_CP5 TP5 EP5] [PP-OUTPUT-DEBUG] previous send committed: pp_rank=1 tp_rank=0 cp_rank=5 next_first_mb=0 next_mb=1
[2026-08-27 15:11:03 PP1 ATTN_CP3 TP3 EP3] [PP-OUTPUT-DEBUG] previous send committed: pp_rank=1 tp_rank=0 cp_rank=3 next_first_mb=0 next_mb=1
[2026-08-27 15:11:03 PP1 ATTN_CP1 TP1 EP1] [PP-OUTPUT-DEBUG] previous send committed: pp_rank=1 tp_rank=0 cp_rank=1 next_first_mb=0 next_mb=1
[2026-08-27 15:11:03 PP1 ATTN_CP4 TP4 EP4] [PP-OUTPUT-DEBUG] send/recv plan: pp_rank=1 tp_rank=0 cp_rank=4 next_first_mb=0 next_mb=1 send_first=False is_last=True has_forward_output=False send_target_exists=False recv_target_exists=False last_queue_len=0
[2026-08-27 15:11:03 PP1 ATTN_CP6 TP6 EP6] [PP-OUTPUT-DEBUG] commit end: pp_rank=1 tp_rank=0 cp_rank=6 next_first_mb=0 next_mb=1 received_output=False d2h_event=None new_send_work=0
[2026-08-27 15:11:03 PP1 ATTN_CP2 TP2 EP2] [PP-OUTPUT-DEBUG] commit end: pp_rank=1 tp_rank=0 cp_rank=2 next_first_mb=0 next_mb=1 received_output=False d2h_event=None new_send_work=0
[2026-08-27 15:11:03 PP1 ATTN_CP7 TP7 EP7] [PP-OUTPUT-DEBUG] send/recv plan: pp_rank=1 tp_rank=0 cp_rank=7 next_first_mb=0 next_mb=1 send_first=False is_last=True has_forward_output=False send_target_exists=False recv_target_exists=False last_queue_len=0
[2026-08-27 15:11:03 PP1 ATTN_CP5 TP5 EP5] [PP-OUTPUT-DEBUG] send/recv plan: pp_rank=1 tp_rank=0 cp_rank=5 next_first_mb=0 next_mb=1 send_first=False is_last=True has_forward_output=False send_target_exists=False recv_target_exists=False last_queue_len=0
[2026-08-27 15:11:03 PP1 ATTN_CP3 TP3 EP3] [PP-OUTPUT-DEBUG] send/recv plan: pp_rank=1 tp_rank=0 cp_rank=3 next_first_mb=0 next_mb=1 send_first=False is_last=True has_forward_output=False send_target_exists=False recv_target_exists=False last_queue_len=0
[2026-08-27 15:11:03 PP1 ATTN_CP1 TP1 EP1] [PP-OUTPUT-DEBUG] send/recv plan: pp_rank=1 tp_rank=0 cp_rank=1 next_first_mb=0 next_mb=1 send_first=False is_last=True has_forward_output=False send_target_exists=False recv_target_exists=False last_queue_len=0
[2026-08-27 15:11:03 PP1 ATTN_CP4 TP4 EP4] [PP-OUTPUT-DEBUG] commit end: pp_rank=1 tp_rank=0 cp_rank=4 next_first_mb=0 next_mb=1 received_output=False d2h_event=None new_send_work=0
[2026-08-27 15:11:03 PP1 ATTN_CP7 TP7 EP7] [PP-OUTPUT-DEBUG] commit end: pp_rank=1 tp_rank=0 cp_rank=7 next_first_mb=0 next_mb=1 received_output=False d2h_event=None new_send_work=0
[2026-08-27 15:11:03 PP1 ATTN_CP5 TP5 EP5] [PP-OUTPUT-DEBUG] commit end: pp_rank=1 tp_rank=0 cp_rank=5 next_first_mb=0 next_mb=1 received_output=False d2h_event=None new_send_work=0
[2026-08-27 15:11:03 PP1 ATTN_CP3 TP3 EP3] [PP-OUTPUT-DEBUG] commit end: pp_rank=1 tp_rank=0 cp_rank=3 next_first_mb=0 next_mb=1 received_output=False d2h_event=None new_send_work=0
[2026-08-27 15:11:03 PP1 ATTN_CP1 TP1 EP1] [PP-OUTPUT-DEBUG] commit end: pp_rank=1 tp_rank=0 cp_rank=1 next_first_mb=0 next_mb=1 received_output=False d2h_event=None new_send_work=0
[2026-08-27 15:11:03 PP1 ATTN_CP4 TP4 EP4] [PP-OUTPUT-DEBUG] commit begin: pp_rank=1 tp_rank=0 cp_rank=4 next_first_mb=1 next_mb=0 pending_send_work=0 has_pp_outputs=False
[2026-08-27 15:11:03 PP1 ATTN_CP0 TP0 EP0] [PP-OUTPUT-DEBUG] commit begin: pp_rank=1 tp_rank=0 cp_rank=0 next_first_mb=1 next_mb=0 pending_send_work=0 has_pp_outputs=False
[2026-08-27 15:11:03 PP1 ATTN_CP6 TP6 EP6] [PP-OUTPUT-DEBUG] commit begin: pp_rank=1 tp_rank=0 cp_rank=6 next_first_mb=1 next_mb=0 pending_send_work=0 has_pp_outputs=False
[2026-08-27 15:11:03 PP1 ATTN_CP3 TP3 EP3] [PP-OUTPUT-DEBUG] commit begin: pp_rank=1 tp_rank=0 cp_rank=3 next_first_mb=1 next_mb=0 pending_send_work=0 has_pp_outputs=False
[2026-08-27 15:11:03 PP1 ATTN_CP5 TP5 EP5] [PP-OUTPUT-DEBUG] commit begin: pp_rank=1 tp_rank=0 cp_rank=5 next_first_mb=1 next_mb=0 pending_send_work=0 has_pp_outputs=False
[2026-08-27 15:11:03 PP1 ATTN_CP4 TP4 EP4] [PP-OUTPUT-DEBUG] previous send committed: pp_rank=1 tp_rank=0 cp_rank=4 next_first_mb=1 next_mb=0
[2026-08-27 15:11:03 PP1 ATTN_CP0 TP0 EP0] [PP-OUTPUT-DEBUG] previous send committed: pp_rank=1 tp_rank=0 cp_rank=0 next_first_mb=1 next_mb=0
[2026-08-27 15:11:03 PP1 ATTN_CP7 TP7 EP7] [PP-OUTPUT-DEBUG] commit begin: pp_rank=1 tp_rank=0 cp_rank=7 next_first_mb=1 next_mb=0 pending_send_work=0 has_pp_outputs=False
[2026-08-27 15:11:03 PP1 ATTN_CP2 TP2 EP2] [PP-OUTPUT-DEBUG] commit begin: pp_rank=1 tp_rank=0 cp_rank=2 next_first_mb=1 next_mb=0 pending_send_work=0 has_pp_outputs=False
[2026-08-27 15:11:03 PP1 ATTN_CP6 TP6 EP6] [PP-OUTPUT-DEBUG] previous send committed: pp_rank=1 tp_rank=0 cp_rank=6 next_first_mb=1 next_mb=0
[2026-08-27 15:11:03 PP1 ATTN_CP3 TP3 EP3] [PP-OUTPUT-DEBUG] previous send committed: pp_rank=1 tp_rank=0 cp_rank=3 next_first_mb=1 next_mb=0
[2026-08-27 15:11:03 PP1 ATTN_CP1 TP1 EP1] [PP-OUTPUT-DEBUG] commit begin: pp_rank=1 tp_rank=0 cp_rank=1 next_first_mb=1 next_mb=0 pending_send_work=0 has_pp_outputs=False
[2026-08-27 15:11:03 PP1 ATTN_CP4 TP4 EP4] [PP-OUTPUT-DEBUG] send/recv plan: pp_rank=1 tp_rank=0 cp_rank=4 next_first_mb=1 next_mb=0 send_first=False is_last=True has_forward_output=False send_target_exists=False recv_target_exists=False last_queue_len=0
[2026-08-27 15:11:03 PP1 ATTN_CP5 TP5 EP5] [PP-OUTPUT-DEBUG] previous send committed: pp_rank=1 tp_rank=0 cp_rank=5 next_first_mb=1 next_mb=0
[2026-08-27 15:11:03 PP1 ATTN_CP0 TP0 EP0] [PP-OUTPUT-DEBUG] send/recv plan: pp_rank=1 tp_rank=0 cp_rank=0 next_first_mb=1 next_mb=0 send_first=False is_last=True has_forward_output=False send_target_exists=False recv_target_exists=False last_queue_len=0
[2026-08-27 15:11:03 PP1 ATTN_CP7 TP7 EP7] [PP-OUTPUT-DEBUG] previous send committed: pp_rank=1 tp_rank=0 cp_rank=7 next_first_mb=1 next_mb=0
[2026-08-27 15:11:03 PP1 ATTN_CP2 TP2 EP2] [PP-OUTPUT-DEBUG] previous send committed: pp_rank=1 tp_rank=0 cp_rank=2 next_first_mb=1 next_mb=0
[2026-08-27 15:11:03 PP1 ATTN_CP6 TP6 EP6] [PP-OUTPUT-DEBUG] send/recv plan: pp_rank=1 tp_rank=0 cp_rank=6 next_first_mb=1 next_mb=0 send_first=False is_last=True has_forward_output=False send_target_exists=False recv_target_exists=False last_queue_len=0
[2026-08-27 15:11:03 PP1 ATTN_CP3 TP3 EP3] [PP-OUTPUT-DEBUG] send/recv plan: pp_rank=1 tp_rank=0 cp_rank=3 next_first_mb=1 next_mb=0 send_first=False is_last=True has_forward_output=False send_target_exists=False recv_target_exists=False last_queue_len=0
[2026-08-27 15:11:03 PP1 ATTN_CP1 TP1 EP1] [PP-OUTPUT-DEBUG] previous send committed: pp_rank=1 tp_rank=0 cp_rank=1 next_first_mb=1 next_mb=0
[2026-08-27 15:11:03 PP1 ATTN_CP4 TP4 EP4] [PP-OUTPUT-DEBUG] commit end: pp_rank=1 tp_rank=0 cp_rank=4 next_first_mb=1 next_mb=0 received_output=False d2h_event=None new_send_work=0
[2026-08-27 15:11:03 PP1 ATTN_CP5 TP5 EP5] [PP-OUTPUT-DEBUG] send/recv plan: pp_rank=1 tp_rank=0 cp_rank=5 next_first_mb=1 next_mb=0 send_first=False is_last=True has_forward_output=False send_target_exists=False recv_target_exists=False last_queue_len=0
[2026-08-27 15:11:03 PP1 ATTN_CP0 TP0 EP0] [PP-OUTPUT-DEBUG] commit end: pp_rank=1 tp_rank=0 cp_rank=0 next_first_mb=1 next_mb=0 received_output=False d2h_event=None new_send_work=0
[2026-08-27 15:11:03 PP1 ATTN_CP7 TP7 EP7] [PP-OUTPUT-DEBUG] send/recv plan: pp_rank=1 tp_rank=0 cp_rank=7 next_first_mb=1 next_mb=0 send_first=False is_last=True has_forward_output=False send_target_exists=False recv_target_exists=False last_queue_len=0
[2026-08-27 15:11:03 PP1 ATTN_CP2 TP2 EP2] [PP-OUTPUT-DEBUG] send/recv plan: pp_rank=1 tp_rank=0 cp_rank=2 next_first_mb=1 next_mb=0 send_first=False is_last=True has_forward_output=False send_target_exists=False recv_target_exists=False last_queue_len=0
[2026-08-27 15:11:03 PP1 ATTN_CP6 TP6 EP6] [PP-OUTPUT-DEBUG] commit end: pp_rank=1 tp_rank=0 cp_rank=6 next_first_mb=1 next_mb=0 received_output=False d2h_event=None new_send_work=0
[2026-08-27 15:11:03 PP1 ATTN_CP3 TP3 EP3] [PP-OUTPUT-DEBUG] commit end: pp_rank=1 tp_rank=0 cp_rank=3 next_first_mb=1 next_mb=0 received_output=False d2h_event=None new_send_work=0
[2026-08-27 15:11:03 PP1 ATTN_CP1 TP1 EP1] [PP-OUTPUT-DEBUG] send/recv plan: pp_rank=1 tp_rank=0 cp_rank=1 next_first_mb=1 next_mb=0 send_first=False is_last=True has_forward_output=False send_target_exists=False recv_target_exists=False last_queue_len=0
[2026-08-27 15:11:03 PP1 ATTN_CP5 TP5 EP5] [PP-OUTPUT-DEBUG] commit end: pp_rank=1 tp_rank=0 cp_rank=5 next_first_mb=1 next_mb=0 received_output=False d2h_event=None new_send_work=0
[2026-08-27 15:11:03 PP1 ATTN_CP7 TP7 EP7] [PP-OUTPUT-DEBUG] commit end: pp_rank=1 tp_rank=0 cp_rank=7 next_first_mb=1 next_mb=0 received_output=False d2h_event=None new_send_work=0
[2026-08-27 15:11:03 PP1 ATTN_CP2 TP2 EP2] [PP-OUTPUT-DEBUG] commit end: pp_rank=1 tp_rank=0 cp_rank=2 next_first_mb=1 next_mb=0 received_output=False d2h_event=None new_send_work=0
[2026-08-27 15:11:03 PP1 ATTN_CP1 TP1 EP1] [PP-OUTPUT-DEBUG] commit end: pp_rank=1 tp_rank=0 cp_rank=1 next_first_mb=1 next_mb=0 received_output=False d2h_event=None new_send_work=0
[2026-08-27 15:11:03 PP1 ATTN_CP4 TP4 EP4] [PP-OUTPUT-DEBUG] commit begin: pp_rank=1 tp_rank=0 cp_rank=4 next_first_mb=0 next_mb=1 pending_send_work=0 has_pp_outputs=False
[2026-08-27 15:11:03 PP1 ATTN_CP0 TP0 EP0] [PP-OUTPUT-DEBUG] commit begin: pp_rank=1 tp_rank=0 cp_rank=0 next_first_mb=0 next_mb=1 pending_send_work=0 has_pp_outputs=False
[2026-08-27 15:11:03 PP1 ATTN_CP3 TP3 EP3] [PP-OUTPUT-DEBUG] commit begin: pp_rank=1 tp_rank=0 cp_rank=3 next_first_mb=0 next_mb=1 pending_send_work=0 has_pp_outputs=False
[2026-08-27 15:11:03 PP1 ATTN_CP2 TP2 EP2] [PP-OUTPUT-DEBUG] commit begin: pp_rank=1 tp_rank=0 cp_rank=2 next_first_mb=0 next_mb=1 pending_send_work=0 has_pp_outputs=False
[2026-08-27 15:11:03 PP1 ATTN_CP6 TP6 EP6] [PP-OUTPUT-DEBUG] commit begin: pp_rank=1 tp_rank=0 cp_rank=6 next_first_mb=0 next_mb=1 pending_send_work=0 has_pp_outputs=False
[2026-08-27 15:11:03 PP1 ATTN_CP5 TP5 EP5] [PP-OUTPUT-DEBUG] commit begin: pp_rank=1 tp_rank=0 cp_rank=5 next_first_mb=0 next_mb=1 pending_send_work=0 has_pp_outputs=False
[2026-08-27 15:11:03 PP1 ATTN_CP4 TP4 EP4] [PP-OUTPUT-DEBUG] previous send committed: pp_rank=1 tp_rank=0 cp_rank=4 next_first_mb=0 next_mb=1
[2026-08-27 15:11:03 PP1 ATTN_CP7 TP7 EP7] [PP-OUTPUT-DEBUG] commit begin: pp_rank=1 tp_rank=0 cp_rank=7 next_first_mb=0 next_mb=1 pending_send_work=0 has_pp_outputs=False
[2026-08-27 15:11:03 PP1 ATTN_CP0 TP0 EP0] [PP-OUTPUT-DEBUG] previous send committed: pp_rank=1 tp_rank=0 cp_rank=0 next_first_mb=0 next_mb=1
[2026-08-27 15:11:03 PP1 ATTN_CP3 TP3 EP3] [PP-OUTPUT-DEBUG] previous send committed: pp_rank=1 tp_rank=0 cp_rank=3 next_first_mb=0 next_mb=1
[2026-08-27 15:11:03 PP1 ATTN_CP1 TP1 EP1] [PP-OUTPUT-DEBUG] commit begin: pp_rank=1 tp_rank=0 cp_rank=1 next_first_mb=0 next_mb=1 pending_send_work=0 has_pp_outputs=False
[2026-08-27 15:11:03 PP1 ATTN_CP2 TP2 EP2] [PP-OUTPUT-DEBUG] previous send committed: pp_rank=1 tp_rank=0 cp_rank=2 next_first_mb=0 next_mb=1
[2026-08-27 15:11:03 PP1 ATTN_CP6 TP6 EP6] [PP-OUTPUT-DEBUG] previous send committed: pp_rank=1 tp_rank=0 cp_rank=6 next_first_mb=0 next_mb=1
[2026-08-27 15:11:03 PP1 ATTN_CP5 TP5 EP5] [PP-OUTPUT-DEBUG] previous send committed: pp_rank=1 tp_rank=0 cp_rank=5 next_first_mb=0 next_mb=1
[2026-08-27 15:11:03 PP1 ATTN_CP4 TP4 EP4] [PP-OUTPUT-DEBUG] send/recv plan: pp_rank=1 tp_rank=0 cp_rank=4 next_first_mb=0 next_mb=1 send_first=False is_last=True has_forward_output=False send_target_exists=False recv_target_exists=False last_queue_len=0
[2026-08-27 15:11:03 PP1 ATTN_CP7 TP7 EP7] [PP-OUTPUT-DEBUG] previous send committed: pp_rank=1 tp_rank=0 cp_rank=7 next_first_mb=0 next_mb=1
[2026-08-27 15:11:03 PP1 ATTN_CP0 TP0 EP0] [PP-OUTPUT-DEBUG] send/recv plan: pp_rank=1 tp_rank=0 cp_rank=0 next_first_mb=0 next_mb=1 send_first=False is_last=True has_forward_output=False send_target_exists=False recv_target_exists=False last_queue_len=0
[2026-08-27 15:11:03 PP1 ATTN_CP3 TP3 EP3] [PP-OUTPUT-DEBUG] send/recv plan: pp_rank=1 tp_rank=0 cp_rank=3 next_first_mb=0 next_mb=1 send_first=False is_last=True has_forward_output=False send_target_exists=False recv_target_exists=False last_queue_len=0
[2026-08-27 15:11:03 PP1 ATTN_CP1 TP1 EP1] [PP-OUTPUT-DEBUG] previous send committed: pp_rank=1 tp_rank=0 cp_rank=1 next_first_mb=0 next_mb=1
[2026-08-27 15:11:03 PP1 ATTN_CP2 TP2 EP2] [PP-OUTPUT-DEBUG] send/recv plan: pp_rank=1 tp_rank=0 cp_rank=2 next_first_mb=0 next_mb=1 send_first=False is_last=True has_forward_output=False send_target_exists=False recv_target_exists=False last_queue_len=0
[2026-08-27 15:11:03 PP1 ATTN_CP6 TP6 EP6] [PP-OUTPUT-DEBUG] send/recv plan: pp_rank=1 tp_rank=0 cp_rank=6 next_first_mb=0 next_mb=1 send_first=False is_last=True has_forward_output=False send_target_exists=False recv_target_exists=False last_queue_len=0
[2026-08-27 15:11:03 PP1 ATTN_CP5 TP5 EP5] [PP-OUTPUT-DEBUG] send/recv plan: pp_rank=1 tp_rank=0 cp_rank=5 next_first_mb=0 next_mb=1 send_first=False is_last=True has_forward_output=False send_target_exists=False recv_target_exists=False last_queue_len=0
[2026-08-27 15:11:03 PP1 ATTN_CP4 TP4 EP4] [PP-OUTPUT-DEBUG] commit end: pp_rank=1 tp_rank=0 cp_rank=4 next_first_mb=0 next_mb=1 received_output=False d2h_event=None new_send_work=0
[2026-08-27 15:11:03 PP1 ATTN_CP7 TP7 EP7] [PP-OUTPUT-DEBUG] send/recv plan: pp_rank=1 tp_rank=0 cp_rank=7 next_first_mb=0 next_mb=1 send_first=False is_last=True has_forward_output=False send_target_exists=False recv_target_exists=False last_queue_len=0
[2026-08-27 15:11:03 PP1 ATTN_CP0 TP0 EP0] [PP-OUTPUT-DEBUG] commit end: pp_rank=1 tp_rank=0 cp_rank=0 next_first_mb=0 next_mb=1 received_output=False d2h_event=None new_send_work=0
[2026-08-27 15:11:03 PP1 ATTN_CP3 TP3 EP3] [PP-OUTPUT-DEBUG] commit end: pp_rank=1 tp_rank=0 cp_rank=3 next_first_mb=0 next_mb=1 received_output=False d2h_event=None new_send_work=0
[2026-08-27 15:11:03 PP1 ATTN_CP1 TP1 EP1] [PP-OUTPUT-DEBUG] send/recv plan: pp_rank=1 tp_rank=0 cp_rank=1 next_first_mb=0 next_mb=1 send_first=False is_last=True has_forward_output=False send_target_exists=False recv_target_exists=False last_queue_len=0
[2026-08-27 15:11:03 PP1 ATTN_CP2 TP2 EP2] [PP-OUTPUT-DEBUG] commit end: pp_rank=1 tp_rank=0 cp_rank=2 next_first_mb=0 next_mb=1 received_output=False d2h_event=None new_send_work=0
[2026-08-27 15:11:03 PP1 ATTN_CP6 TP6 EP6] [PP-OUTPUT-DEBUG] commit end: pp_rank=1 tp_rank=0 cp_rank=6 next_first_mb=0 next_mb=1 received_output=False d2h_event=None new_send_work=0
[2026-08-27 15:11:03 PP1 ATTN_CP5 TP5 EP5] [PP-OUTPUT-DEBUG] commit end: pp_rank=1 tp_rank=0 cp_rank=5 next_first_mb=0 next_mb=1 received_output=False d2h_event=None new_send_work=0
[2026-08-27 15:11:03 PP1 ATTN_CP7 TP7 EP7] [PP-OUTPUT-DEBUG] commit end: pp_rank=1 tp_rank=0 cp_rank=7 next_first_mb=0 next_mb=1 received_output=False d2h_event=None new_send_work=0
[2026-08-27 15:11:03 PP1 ATTN_CP1 TP1 EP1] [PP-OUTPUT-DEBUG] commit end: pp_rank=1 tp_rank=0 cp_rank=1 next_first_mb=0 next_mb=1 received_output=False d2h_event=None new_send_work=0
[2026-08-27 15:11:03 PP1 ATTN_CP2 TP2 EP2] [PP-OUTPUT-DEBUG] commit begin: pp_rank=1 tp_rank=0 cp_rank=2 next_first_mb=1 next_mb=0 pending_send_work=0 has_pp_outputs=False
[2026-08-27 15:11:03 PP1 ATTN_CP4 TP4 EP4] [PP-OUTPUT-DEBUG] commit begin: pp_rank=1 tp_rank=0 cp_rank=4 next_first_mb=1 next_mb=0 pending_send_work=0 has_pp_outputs=False
[2026-08-27 15:11:03 PP1 ATTN_CP0 TP0 EP0] [PP-OUTPUT-DEBUG] commit begin: pp_rank=1 tp_rank=0 cp_rank=0 next_first_mb=1 next_mb=0 pending_send_work=0 has_pp_outputs=False
[2026-08-27 15:11:03 PP1 ATTN_CP3 TP3 EP3] [PP-OUTPUT-DEBUG] commit begin: pp_rank=1 tp_rank=0 cp_rank=3 next_first_mb=1 next_mb=0 pending_send_work=0 has_pp_outputs=False
[2026-08-27 15:11:03 PP1 ATTN_CP6 TP6 EP6] [PP-OUTPUT-DEBUG] commit begin: pp_rank=1 tp_rank=0 cp_rank=6 next_first_mb=1 next_mb=0 pending_send_work=0 has_pp_outputs=False
[2026-08-27 15:11:03 PP1 ATTN_CP5 TP5 EP5] [PP-OUTPUT-DEBUG] commit begin: pp_rank=1 tp_rank=0 cp_rank=5 next_first_mb=1 next_mb=0 pending_send_work=0 has_pp_outputs=False
[2026-08-27 15:11:03 PP1 ATTN_CP2 TP2 EP2] [PP-OUTPUT-DEBUG] previous send committed: pp_rank=1 tp_rank=0 cp_rank=2 next_first_mb=1 next_mb=0
[2026-08-27 15:11:03 PP1 ATTN_CP4 TP4 EP4] [PP-OUTPUT-DEBUG] previous send committed: pp_rank=1 tp_rank=0 cp_rank=4 next_first_mb=1 next_mb=0
[2026-08-27 15:11:03 PP1 ATTN_CP0 TP0 EP0] [PP-OUTPUT-DEBUG] previous send committed: pp_rank=1 tp_rank=0 cp_rank=0 next_first_mb=1 next_mb=0
[2026-08-27 15:11:03 PP1 ATTN_CP7 TP7 EP7] [PP-OUTPUT-DEBUG] commit begin: pp_rank=1 tp_rank=0 cp_rank=7 next_first_mb=1 next_mb=0 pending_send_work=0 has_pp_outputs=False
[2026-08-27 15:11:03 PP1 ATTN_CP3 TP3 EP3] [PP-OUTPUT-DEBUG] previous send committed: pp_rank=1 tp_rank=0 cp_rank=3 next_first_mb=1 next_mb=0
[2026-08-27 15:11:03 PP1 ATTN_CP1 TP1 EP1] [PP-OUTPUT-DEBUG] commit begin: pp_rank=1 tp_rank=0 cp_rank=1 next_first_mb=1 next_mb=0 pending_send_work=0 has_pp_outputs=False
[2026-08-27 15:11:03 PP1 ATTN_CP6 TP6 EP6] [PP-OUTPUT-DEBUG] previous send committed: pp_rank=1 tp_rank=0 cp_rank=6 next_first_mb=1 next_mb=0
[2026-08-27 15:11:03 PP1 ATTN_CP5 TP5 EP5] [PP-OUTPUT-DEBUG] previous send committed: pp_rank=1 tp_rank=0 cp_rank=5 next_first_mb=1 next_mb=0
[2026-08-27 15:11:03 PP1 ATTN_CP2 TP2 EP2] [PP-OUTPUT-DEBUG] send/recv plan: pp_rank=1 tp_rank=0 cp_rank=2 next_first_mb=1 next_mb=0 send_first=False is_last=True has_forward_output=False send_target_exists=False recv_target_exists=False last_queue_len=0
[2026-08-27 15:11:03 PP1 ATTN_CP4 TP4 EP4] [PP-OUTPUT-DEBUG] send/recv plan: pp_rank=1 tp_rank=0 cp_rank=4 next_first_mb=1 next_mb=0 send_first=False is_last=True has_forward_output=False send_target_exists=False recv_target_exists=False last_queue_len=0
[2026-08-27 15:11:03 PP1 ATTN_CP0 TP0 EP0] [PP-OUTPUT-DEBUG] send/recv plan: pp_rank=1 tp_rank=0 cp_rank=0 next_first_mb=1 next_mb=0 send_first=False is_last=True has_forward_output=False send_target_exists=False recv_target_exists=False last_queue_len=0
[2026-08-27 15:11:03 PP1 ATTN_CP7 TP7 EP7] [PP-OUTPUT-DEBUG] previous send committed: pp_rank=1 tp_rank=0 cp_rank=7 next_first_mb=1 next_mb=0
[2026-08-27 15:11:03 PP1 ATTN_CP3 TP3 EP3] [PP-OUTPUT-DEBUG] send/recv plan: pp_rank=1 tp_rank=0 cp_rank=3 next_first_mb=1 next_mb=0 send_first=False is_last=True has_forward_output=False send_target_exists=False recv_target_exists=False last_queue_len=0
[2026-08-27 15:11:03 PP1 ATTN_CP1 TP1 EP1] [PP-OUTPUT-DEBUG] previous send committed: pp_rank=1 tp_rank=0 cp_rank=1 next_first_mb=1 next_mb=0
[2026-08-27 15:11:03 PP1 ATTN_CP6 TP6 EP6] [PP-OUTPUT-DEBUG] send/recv plan: pp_rank=1 tp_rank=0 cp_rank=6 next_first_mb=1 next_mb=0 send_first=False is_last=True has_forward_output=False send_target_exists=False recv_target_exists=False last_queue_len=0
[2026-08-27 15:11:03 PP1 ATTN_CP5 TP5 EP5] [PP-OUTPUT-DEBUG] send/recv plan: pp_rank=1 tp_rank=0 cp_rank=5 next_first_mb=1 next_mb=0 send_first=False is_last=True has_forward_output=False send_target_exists=False recv_target_exists=False last_queue_len=0
[2026-08-27 15:11:03 PP1 ATTN_CP2 TP2 EP2] [PP-OUTPUT-DEBUG] commit end: pp_rank=1 tp_rank=0 cp_rank=2 next_first_mb=1 next_mb=0 received_output=False d2h_event=None new_send_work=0
[2026-08-27 15:11:03 PP1 ATTN_CP4 TP4 EP4] [PP-OUTPUT-DEBUG] commit end: pp_rank=1 tp_rank=0 cp_rank=4 next_first_mb=1 next_mb=0 received_output=False d2h_event=None new_send_work=0
[2026-08-27 15:11:03 PP1 ATTN_CP0 TP0 EP0] [PP-OUTPUT-DEBUG] commit end: pp_rank=1 tp_rank=0 cp_rank=0 next_first_mb=1 next_mb=0 received_output=False d2h_event=None new_send_work=0
[2026-08-27 15:11:03 PP1 ATTN_CP7 TP7 EP7] [PP-OUTPUT-DEBUG] send/recv plan: pp_rank=1 tp_rank=0 cp_rank=7 next_first_mb=1 next_mb=0 send_first=False is_last=True has_forward_output=False send_target_exists=False recv_target_exists=False last_queue_len=0
[2026-08-27 15:11:03 PP1 ATTN_CP3 TP3 EP3] [PP-OUTPUT-DEBUG] commit end: pp_rank=1 tp_rank=0 cp_rank=3 next_first_mb=1 next_mb=0 received_output=False d2h_event=None new_send_work=0
[2026-08-27 15:11:03 PP1 ATTN_CP1 TP1 EP1] [PP-OUTPUT-DEBUG] send/recv plan: pp_rank=1 tp_rank=0 cp_rank=1 next_first_mb=1 next_mb=0 send_first=False is_last=True has_forward_output=False send_target_exists=False recv_target_exists=False last_queue_len=0
[2026-08-27 15:11:03 PP1 ATTN_CP6 TP6 EP6] [PP-OUTPUT-DEBUG] commit end: pp_rank=1 tp_rank=0 cp_rank=6 next_first_mb=1 next_mb=0 received_output=False d2h_event=None new_send_work=0
[2026-08-27 15:11:03 PP1 ATTN_CP5 TP5 EP5] [PP-OUTPUT-DEBUG] commit end: pp_rank=1 tp_rank=0 cp_rank=5 next_first_mb=1 next_mb=0 received_output=False d2h_event=None new_send_work=0
[2026-08-27 15:11:03 PP1 ATTN_CP7 TP7 EP7] [PP-OUTPUT-DEBUG] commit end: pp_rank=1 tp_rank=0 cp_rank=7 next_first_mb=1 next_mb=0 received_output=False d2h_event=None new_send_work=0
[2026-08-27 15:11:03 PP1 ATTN_CP1 TP1 EP1] [PP-OUTPUT-DEBUG] commit end: pp_rank=1 tp_rank=0 cp_rank=1 next_first_mb=1 next_mb=0 received_output=False d2h_event=None new_send_work=0
[2026-08-27 15:11:03 PP1 ATTN_CP0 TP0 EP0] [PP-OUTPUT-DEBUG] commit begin: pp_rank=1 tp_rank=0 cp_rank=0 next_first_mb=0 next_mb=1 pending_send_work=0 has_pp_outputs=False
[2026-08-27 15:11:03 PP1 ATTN_CP6 TP6 EP6] [PP-OUTPUT-DEBUG] commit begin: pp_rank=1 tp_rank=0 cp_rank=6 next_first_mb=0 next_mb=1 pending_send_work=0 has_pp_outputs=False
[2026-08-27 15:11:03 PP1 ATTN_CP4 TP4 EP4] [PP-OUTPUT-DEBUG] commit begin: pp_rank=1 tp_rank=0 cp_rank=4 next_first_mb=0 next_mb=1 pending_send_work=0 has_pp_outputs=False
[2026-08-27 15:11:03 PP1 ATTN_CP2 TP2 EP2] [PP-OUTPUT-DEBUG] commit begin: pp_rank=1 tp_rank=0 cp_rank=2 next_first_mb=0 next_mb=1 pending_send_work=0 has_pp_outputs=False
[2026-08-27 15:11:03 PP1 ATTN_CP3 TP3 EP3] [PP-OUTPUT-DEBUG] commit begin: pp_rank=1 tp_rank=0 cp_rank=3 next_first_mb=0 next_mb=1 pending_send_work=0 has_pp_outputs=False
[2026-08-27 15:11:03 PP1 ATTN_CP0 TP0 EP0] [PP-OUTPUT-DEBUG] previous send committed: pp_rank=1 tp_rank=0 cp_rank=0 next_first_mb=0 next_mb=1
[2026-08-27 15:11:03 PP1 ATTN_CP7 TP7 EP7] [PP-OUTPUT-DEBUG] commit begin: pp_rank=1 tp_rank=0 cp_rank=7 next_first_mb=0 next_mb=1 pending_send_work=0 has_pp_outputs=False
[2026-08-27 15:11:03 PP1 ATTN_CP6 TP6 EP6] [PP-OUTPUT-DEBUG] previous send committed: pp_rank=1 tp_rank=0 cp_rank=6 next_first_mb=0 next_mb=1
[2026-08-27 15:11:03 PP1 ATTN_CP4 TP4 EP4] [PP-OUTPUT-DEBUG] previous send committed: pp_rank=1 tp_rank=0 cp_rank=4 next_first_mb=0 next_mb=1
[2026-08-27 15:11:03 PP1 ATTN_CP5 TP5 EP5] [PP-OUTPUT-DEBUG] commit begin: pp_rank=1 tp_rank=0 cp_rank=5 next_first_mb=0 next_mb=1 pending_send_work=0 has_pp_outputs=False
[2026-08-27 15:11:03 PP1 ATTN_CP1 TP1 EP1] [PP-OUTPUT-DEBUG] commit begin: pp_rank=1 tp_rank=0 cp_rank=1 next_first_mb=0 next_mb=1 pending_send_work=0 has_pp_outputs=False
[2026-08-27 15:11:03 PP1 ATTN_CP2 TP2 EP2] [PP-OUTPUT-DEBUG] previous send committed: pp_rank=1 tp_rank=0 cp_rank=2 next_first_mb=0 next_mb=1
[2026-08-27 15:11:03 PP1 ATTN_CP3 TP3 EP3] [PP-OUTPUT-DEBUG] previous send committed: pp_rank=1 tp_rank=0 cp_rank=3 next_first_mb=0 next_mb=1
[2026-08-27 15:11:03 PP1 ATTN_CP0 TP0 EP0] [PP-OUTPUT-DEBUG] send/recv plan: pp_rank=1 tp_rank=0 cp_rank=0 next_first_mb=0 next_mb=1 send_first=False is_last=True has_forward_output=False send_target_exists=False recv_target_exists=False last_queue_len=0
[2026-08-27 15:11:03 PP1 ATTN_CP7 TP7 EP7] [PP-OUTPUT-DEBUG] previous send committed: pp_rank=1 tp_rank=0 cp_rank=7 next_first_mb=0 next_mb=1
[2026-08-27 15:11:03 PP1 ATTN_CP6 TP6 EP6] [PP-OUTPUT-DEBUG] send/recv plan: pp_rank=1 tp_rank=0 cp_rank=6 next_first_mb=0 next_mb=1 send_first=False is_last=True has_forward_output=False send_target_exists=False recv_target_exists=False last_queue_len=0
[2026-08-27 15:11:03 PP1 ATTN_CP4 TP4 EP4] [PP-OUTPUT-DEBUG] send/recv plan: pp_rank=1 tp_rank=0 cp_rank=4 next_first_mb=0 next_mb=1 send_first=False is_last=True has_forward_output=False send_target_exists=False recv_target_exists=False last_queue_len=0
[2026-08-27 15:11:03 PP1 ATTN_CP5 TP5 EP5] [PP-OUTPUT-DEBUG] previous send committed: pp_rank=1 tp_rank=0 cp_rank=5 next_first_mb=0 next_mb=1
[2026-08-27 15:11:03 PP1 ATTN_CP1 TP1 EP1] [PP-OUTPUT-DEBUG] previous send committed: pp_rank=1 tp_rank=0 cp_rank=1 next_first_mb=0 next_mb=1
[2026-08-27 15:11:03 PP1 ATTN_CP2 TP2 EP2] [PP-OUTPUT-DEBUG] send/recv plan: pp_rank=1 tp_rank=0 cp_rank=2 next_first_mb=0 next_mb=1 send_first=False is_last=True has_forward_output=False send_target_exists=False recv_target_exists=False last_queue_len=0
[2026-08-27 15:11:03 PP1 ATTN_CP3 TP3 EP3] [PP-OUTPUT-DEBUG] send/recv plan: pp_rank=1 tp_rank=0 cp_rank=3 next_first_mb=0 next_mb=1 send_first=False is_last=True has_forward_output=False send_target_exists=False recv_target_exists=False last_queue_len=0
[2026-08-27 15:11:03 PP1 ATTN_CP0 TP0 EP0] [PP-OUTPUT-DEBUG] commit end: pp_rank=1 tp_rank=0 cp_rank=0 next_first_mb=0 next_mb=1 received_output=False d2h_event=None new_send_work=0
[2026-08-27 15:11:03 PP1 ATTN_CP7 TP7 EP7] [PP-OUTPUT-DEBUG] send/recv plan: pp_rank=1 tp_rank=0 cp_rank=7 next_first_mb=0 next_mb=1 send_first=False is_last=True has_forward_output=False send_target_exists=False recv_target_exists=False last_queue_len=0
[2026-08-27 15:11:03 PP1 ATTN_CP6 TP6 EP6] [PP-OUTPUT-DEBUG] commit end: pp_rank=1 tp_rank=0 cp_rank=6 next_first_mb=0 next_mb=1 received_output=False d2h_event=None new_send_work=0
[2026-08-27 15:11:03 PP1 ATTN_CP4 TP4 EP4] [PP-OUTPUT-DEBUG] commit end: pp_rank=1 tp_rank=0 cp_rank=4 next_first_mb=0 next_mb=1 received_output=False d2h_event=None new_send_work=0
[2026-08-27 15:11:03 PP1 ATTN_CP5 TP5 EP5] [PP-OUTPUT-DEBUG] send/recv plan: pp_rank=1 tp_rank=0 cp_rank=5 next_first_mb=0 next_mb=1 send_first=False is_last=True has_forward_output=False send_target_exists=False recv_target_exists=False last_queue_len=0
[2026-08-27 15:11:03 PP1 ATTN_CP1 TP1 EP1] [PP-OUTPUT-DEBUG] send/recv plan: pp_rank=1 tp_rank=0 cp_rank=1 next_first_mb=0 next_mb=1 send_first=False is_last=True has_forward_output=False send_target_exists=False recv_target_exists=False last_queue_len=0
[2026-08-27 15:11:03 PP1 ATTN_CP2 TP2 EP2] [PP-OUTPUT-DEBUG] commit end: pp_rank=1 tp_rank=0 cp_rank=2 next_first_mb=0 next_mb=1 received_output=False d2h_event=None new_send_work=0
[2026-08-27 15:11:03 PP1 ATTN_CP3 TP3 EP3] [PP-OUTPUT-DEBUG] commit end: pp_rank=1 tp_rank=0 cp_rank=3 next_first_mb=0 next_mb=1 received_output=False d2h_event=None new_send_work=0
[2026-08-27 15:11:03 PP1 ATTN_CP7 TP7 EP7] [PP-OUTPUT-DEBUG] commit end: pp_rank=1 tp_rank=0 cp_rank=7 next_first_mb=0 next_mb=1 received_output=False d2h_event=None new_send_work=0
[2026-08-27 15:11:03 PP1 ATTN_CP5 TP5 EP5] [PP-OUTPUT-DEBUG] commit end: pp_rank=1 tp_rank=0 cp_rank=5 next_first_mb=0 next_mb=1 received_output=False d2h_event=None new_send_work=0
[2026-08-27 15:11:03 PP1 ATTN_CP1 TP1 EP1] [PP-OUTPUT-DEBUG] commit end: pp_rank=1 tp_rank=0 cp_rank=1 next_first_mb=0 next_mb=1 received_output=False d2h_event=None new_send_work=0
/mnt/share/luochen/a5_glm52/sglang_vans/python/sglang/srt/utils/common.py:2309: UserWarning: The given NumPy array is not writable, and PyTorch does not support non-writable tensors. This means writing to this tensor will result in undefined behavior. You may want to copy the array to protect its data or make it writable before converting it to a tensor. This type of warning will be suppressed for the rest of this program. (Triggered internally at /pytorch/torch/csrc/utils/tensor_numpy.cpp:213.)
  tensor_data = torch.ByteTensor(
[2026-08-27 15:11:03 PP1 ATTN_CP3 TP3 EP3] get env HOSTNAME = 133_C01_B04_CPU6
[2026-08-27 15:11:03 PP1 ATTN_CP6 TP6 EP6] get env HOSTNAME = 133_C01_B04_CPU6
[2026-08-27 15:11:03 PP1 ATTN_CP2 TP2 EP2] get env HOSTNAME = 133_C01_B04_CPU6
[2026-08-27 15:11:03 PP1 ATTN_CP0 TP0 EP0] get env HOSTNAME = 133_C01_B04_CPU6
[2026-08-27 15:11:03 PP1 ATTN_CP5 TP5 EP5] get env HOSTNAME = 133_C01_B04_CPU6
[2026-08-27 15:11:03 PP1 ATTN_CP4 TP4 EP4] get env HOSTNAME = 133_C01_B04_CPU6
[2026-08-27 15:11:03 PP1 ATTN_CP7 TP7 EP7] get env HOSTNAME = 133_C01_B04_CPU6
[2026-08-27 15:11:03 PP1 ATTN_CP1 TP1 EP1] get env HOSTNAME = 133_C01_B04_CPU6
[2026-08-27 15:11:04 PP1 ATTN_CP3 TP3 EP3] [PP-OUTPUT-DEBUG] synchronized skip decision differs from local batch: pp_rank=1 tp_rank=0 cp_rank=3 mb_id=1 synchronized_skip=True local_skip=False
[2026-08-27 15:11:04 PP1 ATTN_CP4 TP4 EP4] [PP-OUTPUT-DEBUG] synchronized skip decision differs from local batch: pp_rank=1 tp_rank=0 cp_rank=4 mb_id=1 synchronized_skip=True local_skip=False
[2026-08-27 15:11:04 PP1 ATTN_CP6 TP6 EP6] [PP-OUTPUT-DEBUG] synchronized skip decision differs from local batch: pp_rank=1 tp_rank=0 cp_rank=6 mb_id=1 synchronized_skip=True local_skip=False
[2026-08-27 15:11:04 PP1 ATTN_CP5 TP5 EP5] [PP-OUTPUT-DEBUG] synchronized skip decision differs from local batch: pp_rank=1 tp_rank=0 cp_rank=5 mb_id=1 synchronized_skip=True local_skip=False
[2026-08-27 15:11:04 PP1 ATTN_CP1 TP1 EP1] [PP-OUTPUT-DEBUG] synchronized skip decision differs from local batch: pp_rank=1 tp_rank=0 cp_rank=1 mb_id=1 synchronized_skip=True local_skip=False
[2026-08-27 15:11:04 PP1 ATTN_CP7 TP7 EP7] [PP-OUTPUT-DEBUG] synchronized skip decision differs from local batch: pp_rank=1 tp_rank=0 cp_rank=7 mb_id=1 synchronized_skip=True local_skip=False
[2026-08-27 15:11:04 PP1 ATTN_CP2 TP2 EP2] [PP-OUTPUT-DEBUG] synchronized skip decision differs from local batch: pp_rank=1 tp_rank=0 cp_rank=2 mb_id=1 synchronized_skip=True local_skip=False
[2026-08-27 15:11:04 PP1 ATTN_CP0 TP0 EP0] [PP-OUTPUT-DEBUG] synchronized skip decision differs from local batch: pp_rank=1 tp_rank=0 cp_rank=0 mb_id=1 synchronized_skip=True local_skip=False
[2026-08-27 15:11:04 PP1 ATTN_CP5 TP5 EP5] Disable CP decode attention TP
[2026-08-27 15:11:04 PP1 ATTN_CP5 TP5 EP5] get env SGLANG_NPU_USE_MLAPO = 1
[2026-08-27 15:11:04 PP1 ATTN_CP3 TP3 EP3] Disable CP decode attention TP
[2026-08-27 15:11:04 PP1 ATTN_CP3 TP3 EP3] get env SGLANG_NPU_USE_MLAPO = 1
[2026-08-27 15:11:04 PP1 ATTN_CP4 TP4 EP4] Disable CP decode attention TP
[2026-08-27 15:11:04 PP1 ATTN_CP4 TP4 EP4] get env SGLANG_NPU_USE_MLAPO = 1
[rank13]:[W827 15:11:04.244021800 TensorFactories.cpp:423] Warning: Cannot create tensor with interal format while allow_internel_format=False, tensor will be created with base format. (function operator())
[rank11]:[W827 15:11:04.257316430 TensorFactories.cpp:423] Warning: Cannot create tensor with interal format while allow_internel_format=False, tensor will be created with base format. (function operator())
[2026-08-27 15:11:04 PP1 ATTN_CP2 TP2 EP2] Disable CP decode attention TP
[2026-08-27 15:11:04 PP1 ATTN_CP2 TP2 EP2] get env SGLANG_NPU_USE_MLAPO = 1
[rank12]:[W827 15:11:04.263297480 TensorFactories.cpp:423] Warning: Cannot create tensor with interal format while allow_internel_format=False, tensor will be created with base format. (function operator())
[2026-08-27 15:11:04 PP1 ATTN_CP6 TP6 EP6] Disable CP decode attention TP
[2026-08-27 15:11:04 PP1 ATTN_CP6 TP6 EP6] get env SGLANG_NPU_USE_MLAPO = 1
[rank10]:[W827 15:11:04.276067760 TensorFactories.cpp:423] Warning: Cannot create tensor with interal format while allow_internel_format=False, tensor will be created with base format. (function operator())
[2026-08-27 15:11:04 PP1 ATTN_CP1 TP1 EP1] Disable CP decode attention TP
[2026-08-27 15:11:04 PP1 ATTN_CP1 TP1 EP1] get env SGLANG_NPU_USE_MLAPO = 1
[2026-08-27 15:11:04 PP1 ATTN_CP0 TP0 EP0] Disable CP decode attention TP
[2026-08-27 15:11:04 PP1 ATTN_CP0 TP0 EP0] get env SGLANG_NPU_USE_MLAPO = 1
[2026-08-27 15:11:04 PP1 ATTN_CP7 TP7 EP7] Disable CP decode attention TP
[2026-08-27 15:11:04 PP1 ATTN_CP7 TP7 EP7] get env SGLANG_NPU_USE_MLAPO = 1
[rank14]:[W827 15:11:04.290673450 TensorFactories.cpp:423] Warning: Cannot create tensor with interal format while allow_internel_format=False, tensor will be created with base format. (function operator())
[rank9]:[W827 15:11:04.304733100 TensorFactories.cpp:423] Warning: Cannot create tensor with interal format while allow_internel_format=False, tensor will be created with base format. (function operator())
[rank8]:[W827 15:11:04.307078950 TensorFactories.cpp:423] Warning: Cannot create tensor with interal format while allow_internel_format=False, tensor will be created with base format. (function operator())
[rank15]:[W827 15:11:04.312230040 TensorFactories.cpp:423] Warning: Cannot create tensor with interal format while allow_internel_format=False, tensor will be created with base format. (function operator())
[2026-08-27 15:11:05 PP1 ATTN_CP7 TP7 EP7] get env DEEP_USE_MODE = allgather
[2026-08-27 15:11:05 PP1 ATTN_CP3 TP3 EP3] get env DEEP_USE_MODE = allgather
[2026-08-27 15:11:05 PP1 ATTN_CP5 TP5 EP5] get env DEEP_USE_MODE = allgather
[2026-08-27 15:11:05 PP1 ATTN_CP6 TP6 EP6] get env DEEP_USE_MODE = allgather
[2026-08-27 15:11:05 PP1 ATTN_CP0 TP0 EP0] get env DEEP_USE_MODE = allgather
[2026-08-27 15:11:05 PP1 ATTN_CP4 TP4 EP4] get env DEEP_USE_MODE = allgather
[2026-08-27 15:11:05 PP1 ATTN_CP2 TP2 EP2] get env DEEP_USE_MODE = allgather
[2026-08-27 15:11:05 PP1 ATTN_CP1 TP1 EP1] get env DEEP_USE_MODE = allgather
/usr/local/python3.12.13/lib/python3.12/site-packages/torch_npu/contrib/transfer_to_npu.py:191: UserWarning: To copy construct from a tensor, it is recommended to use sourceTensor.detach().clone() or sourceTensor.detach().clone().requires_grad_(True), rather than torch.tensor(sourceTensor).
  return fn(*args, **kwargs)
/usr/local/python3.12.13/lib/python3.12/site-packages/torch_npu/contrib/transfer_to_npu.py:191: UserWarning: To copy construct from a tensor, it is recommended to use sourceTensor.detach().clone() or sourceTensor.detach().clone().requires_grad_(True), rather than torch.tensor(sourceTensor).
  return fn(*args, **kwargs)
/usr/local/python3.12.13/lib/python3.12/site-packages/torch_npu/contrib/transfer_to_npu.py:191: UserWarning: To copy construct from a tensor, it is recommended to use sourceTensor.detach().clone() or sourceTensor.detach().clone().requires_grad_(True), rather than torch.tensor(sourceTensor).
  return fn(*args, **kwargs)
/usr/local/python3.12.13/lib/python3.12/site-packages/torch_npu/contrib/transfer_to_npu.py:191: UserWarning: To copy construct from a tensor, it is recommended to use sourceTensor.detach().clone() or sourceTensor.detach().clone().requires_grad_(True), rather than torch.tensor(sourceTensor).
  return fn(*args, **kwargs)
/usr/local/python3.12.13/lib/python3.12/site-packages/torch_npu/contrib/transfer_to_npu.py:191: UserWarning: To copy construct from a tensor, it is recommended to use sourceTensor.detach().clone() or sourceTensor.detach().clone().requires_grad_(True), rather than torch.tensor(sourceTensor).
  return fn(*args, **kwargs)
/usr/local/python3.12.13/lib/python3.12/site-packages/torch_npu/contrib/transfer_to_npu.py:191: UserWarning: To copy construct from a tensor, it is recommended to use sourceTensor.detach().clone() or sourceTensor.detach().clone().requires_grad_(True), rather than torch.tensor(sourceTensor).
  return fn(*args, **kwargs)
/usr/local/python3.12.13/lib/python3.12/site-packages/torch_npu/contrib/transfer_to_npu.py:191: UserWarning: To copy construct from a tensor, it is recommended to use sourceTensor.detach().clone() or sourceTensor.detach().clone().requires_grad_(True), rather than torch.tensor(sourceTensor).
  return fn(*args, **kwargs)
/usr/local/python3.12.13/lib/python3.12/site-packages/torch_npu/contrib/transfer_to_npu.py:191: UserWarning: To copy construct from a tensor, it is recommended to use sourceTensor.detach().clone() or sourceTensor.detach().clone().requires_grad_(True), rather than torch.tensor(sourceTensor).
  return fn(*args, **kwargs)
[2026-08-27 15:11:05 PP1 ATTN_CP3 TP3 EP3] multimem all-gather disabled (SymmetricMemory does not support device type cuda)
[2026-08-27 15:11:05 PP1 ATTN_CP4 TP4 EP4] multimem all-gather disabled (SymmetricMemory does not support device type cuda)
[2026-08-27 15:11:05 PP1 ATTN_CP3 TP3 EP3] [PP-OUTPUT-DEBUG] commit begin: pp_rank=1 tp_rank=0 cp_rank=3 next_first_mb=1 next_mb=0 pending_send_work=0 has_pp_outputs=False
[2026-08-27 15:11:05 PP1 ATTN_CP3 TP3 EP3] [PP-OUTPUT-DEBUG] previous send committed: pp_rank=1 tp_rank=0 cp_rank=3 next_first_mb=1 next_mb=0
[2026-08-27 15:11:05 PP1 ATTN_CP3 TP3 EP3] [PP-OUTPUT-DEBUG] send/recv plan: pp_rank=1 tp_rank=0 cp_rank=3 next_first_mb=1 next_mb=0 send_first=False is_last=True has_forward_output=False send_target_exists=True recv_target_exists=False last_queue_len=1
[2026-08-27 15:11:05 PP1 ATTN_CP3 TP3 EP3] [PP-OUTPUT-DEBUG] commit end: pp_rank=1 tp_rank=0 cp_rank=3 next_first_mb=1 next_mb=0 received_output=False d2h_event=None new_send_work=0
[2026-08-27 15:11:05 PP1 ATTN_CP4 TP4 EP4] [PP-OUTPUT-DEBUG] commit begin: pp_rank=1 tp_rank=0 cp_rank=4 next_first_mb=1 next_mb=0 pending_send_work=0 has_pp_outputs=False
[2026-08-27 15:11:05 PP1 ATTN_CP4 TP4 EP4] [PP-OUTPUT-DEBUG] previous send committed: pp_rank=1 tp_rank=0 cp_rank=4 next_first_mb=1 next_mb=0
[2026-08-27 15:11:05 PP1 ATTN_CP4 TP4 EP4] [PP-OUTPUT-DEBUG] send/recv plan: pp_rank=1 tp_rank=0 cp_rank=4 next_first_mb=1 next_mb=0 send_first=False is_last=True has_forward_output=False send_target_exists=True recv_target_exists=False last_queue_len=1
[2026-08-27 15:11:05 PP1 ATTN_CP4 TP4 EP4] [PP-OUTPUT-DEBUG] commit end: pp_rank=1 tp_rank=0 cp_rank=4 next_first_mb=1 next_mb=0 received_output=False d2h_event=None new_send_work=0
[2026-08-27 15:11:05 PP1 ATTN_CP6 TP6 EP6] multimem all-gather disabled (SymmetricMemory does not support device type cuda)
[2026-08-27 15:11:05 PP1 ATTN_CP6 TP6 EP6] [PP-OUTPUT-DEBUG] commit begin: pp_rank=1 tp_rank=0 cp_rank=6 next_first_mb=1 next_mb=0 pending_send_work=0 has_pp_outputs=False
[2026-08-27 15:11:05 PP1 ATTN_CP6 TP6 EP6] [PP-OUTPUT-DEBUG] previous send committed: pp_rank=1 tp_rank=0 cp_rank=6 next_first_mb=1 next_mb=0
[2026-08-27 15:11:05 PP1 ATTN_CP6 TP6 EP6] [PP-OUTPUT-DEBUG] send/recv plan: pp_rank=1 tp_rank=0 cp_rank=6 next_first_mb=1 next_mb=0 send_first=False is_last=True has_forward_output=False send_target_exists=True recv_target_exists=False last_queue_len=1
[2026-08-27 15:11:05 PP1 ATTN_CP6 TP6 EP6] [PP-OUTPUT-DEBUG] commit end: pp_rank=1 tp_rank=0 cp_rank=6 next_first_mb=1 next_mb=0 received_output=False d2h_event=None new_send_work=0
[2026-08-27 15:11:05 PP1 ATTN_CP5 TP5 EP5] multimem all-gather disabled (SymmetricMemory does not support device type cuda)
[2026-08-27 15:11:05 PP1 ATTN_CP5 TP5 EP5] [PP-OUTPUT-DEBUG] commit begin: pp_rank=1 tp_rank=0 cp_rank=5 next_first_mb=1 next_mb=0 pending_send_work=0 has_pp_outputs=False
[2026-08-27 15:11:05 PP1 ATTN_CP5 TP5 EP5] [PP-OUTPUT-DEBUG] previous send committed: pp_rank=1 tp_rank=0 cp_rank=5 next_first_mb=1 next_mb=0
[2026-08-27 15:11:05 PP1 ATTN_CP5 TP5 EP5] [PP-OUTPUT-DEBUG] send/recv plan: pp_rank=1 tp_rank=0 cp_rank=5 next_first_mb=1 next_mb=0 send_first=False is_last=True has_forward_output=False send_target_exists=True recv_target_exists=False last_queue_len=1
[2026-08-27 15:11:05 PP1 ATTN_CP5 TP5 EP5] [PP-OUTPUT-DEBUG] commit end: pp_rank=1 tp_rank=0 cp_rank=5 next_first_mb=1 next_mb=0 received_output=False d2h_event=None new_send_work=0
[2026-08-27 15:11:05 PP1 ATTN_CP7 TP7 EP7] multimem all-gather disabled (SymmetricMemory does not support device type cuda)
[2026-08-27 15:11:05 PP1 ATTN_CP0 TP0 EP0] multimem all-gather disabled (SymmetricMemory does not support device type cuda)
[2026-08-27 15:11:05 PP1 ATTN_CP7 TP7 EP7] [PP-OUTPUT-DEBUG] commit begin: pp_rank=1 tp_rank=0 cp_rank=7 next_first_mb=1 next_mb=0 pending_send_work=0 has_pp_outputs=False
[2026-08-27 15:11:05 PP1 ATTN_CP7 TP7 EP7] [PP-OUTPUT-DEBUG] previous send committed: pp_rank=1 tp_rank=0 cp_rank=7 next_first_mb=1 next_mb=0
[2026-08-27 15:11:05 PP1 ATTN_CP7 TP7 EP7] [PP-OUTPUT-DEBUG] send/recv plan: pp_rank=1 tp_rank=0 cp_rank=7 next_first_mb=1 next_mb=0 send_first=False is_last=True has_forward_output=False send_target_exists=True recv_target_exists=False last_queue_len=1
[2026-08-27 15:11:05 PP1 ATTN_CP7 TP7 EP7] [PP-OUTPUT-DEBUG] commit end: pp_rank=1 tp_rank=0 cp_rank=7 next_first_mb=1 next_mb=0 received_output=False d2h_event=None new_send_work=0
[2026-08-27 15:11:05 PP1 ATTN_CP0 TP0 EP0] [PP-OUTPUT-DEBUG] commit begin: pp_rank=1 tp_rank=0 cp_rank=0 next_first_mb=1 next_mb=0 pending_send_work=0 has_pp_outputs=False
[2026-08-27 15:11:05 PP1 ATTN_CP0 TP0 EP0] [PP-OUTPUT-DEBUG] previous send committed: pp_rank=1 tp_rank=0 cp_rank=0 next_first_mb=1 next_mb=0
[2026-08-27 15:11:05 PP1 ATTN_CP0 TP0 EP0] [PP-OUTPUT-DEBUG] send/recv plan: pp_rank=1 tp_rank=0 cp_rank=0 next_first_mb=1 next_mb=0 send_first=False is_last=True has_forward_output=False send_target_exists=True recv_target_exists=False last_queue_len=1
[2026-08-27 15:11:05 PP1 ATTN_CP0 TP0 EP0] [PP-OUTPUT-DEBUG] commit end: pp_rank=1 tp_rank=0 cp_rank=0 next_first_mb=1 next_mb=0 received_output=False d2h_event=None new_send_work=0
[2026-08-27 15:11:05 PP1 ATTN_CP1 TP1 EP1] multimem all-gather disabled (SymmetricMemory does not support device type cuda)
[2026-08-27 15:11:05 PP1 ATTN_CP1 TP1 EP1] [PP-OUTPUT-DEBUG] commit begin: pp_rank=1 tp_rank=0 cp_rank=1 next_first_mb=1 next_mb=0 pending_send_work=0 has_pp_outputs=False
[2026-08-27 15:11:05 PP1 ATTN_CP1 TP1 EP1] [PP-OUTPUT-DEBUG] previous send committed: pp_rank=1 tp_rank=0 cp_rank=1 next_first_mb=1 next_mb=0
[2026-08-27 15:11:05 PP1 ATTN_CP1 TP1 EP1] [PP-OUTPUT-DEBUG] send/recv plan: pp_rank=1 tp_rank=0 cp_rank=1 next_first_mb=1 next_mb=0 send_first=False is_last=True has_forward_output=False send_target_exists=True recv_target_exists=False last_queue_len=1
[2026-08-27 15:11:05 PP1 ATTN_CP1 TP1 EP1] [PP-OUTPUT-DEBUG] commit end: pp_rank=1 tp_rank=0 cp_rank=1 next_first_mb=1 next_mb=0 received_output=False d2h_event=None new_send_work=0
[2026-08-27 15:11:05 PP1 ATTN_CP2 TP2 EP2] multimem all-gather disabled (SymmetricMemory does not support device type cuda)
[2026-08-27 15:11:05 PP1 ATTN_CP2 TP2 EP2] [PP-OUTPUT-DEBUG] commit begin: pp_rank=1 tp_rank=0 cp_rank=2 next_first_mb=1 next_mb=0 pending_send_work=0 has_pp_outputs=False
[2026-08-27 15:11:05 PP1 ATTN_CP2 TP2 EP2] [PP-OUTPUT-DEBUG] previous send committed: pp_rank=1 tp_rank=0 cp_rank=2 next_first_mb=1 next_mb=0
[2026-08-27 15:11:05 PP1 ATTN_CP2 TP2 EP2] [PP-OUTPUT-DEBUG] send/recv plan: pp_rank=1 tp_rank=0 cp_rank=2 next_first_mb=1 next_mb=0 send_first=False is_last=True has_forward_output=False send_target_exists=True recv_target_exists=False last_queue_len=1
[2026-08-27 15:11:05 PP1 ATTN_CP2 TP2 EP2] [PP-OUTPUT-DEBUG] commit end: pp_rank=1 tp_rank=0 cp_rank=2 next_first_mb=1 next_mb=0 received_output=False d2h_event=None new_send_work=0
[2026-08-27 15:11:05 PP1 ATTN_CP0 TP0 EP0] [PP-OUTPUT-DEBUG] synchronized skip decision differs from local batch: pp_rank=1 tp_rank=0 cp_rank=0 mb_id=0 synchronized_skip=True local_skip=False
[2026-08-27 15:11:05 PP1 ATTN_CP5 TP5 EP5] [PP-OUTPUT-DEBUG] synchronized skip decision differs from local batch: pp_rank=1 tp_rank=0 cp_rank=5 mb_id=0 synchronized_skip=True local_skip=False
[2026-08-27 15:11:05 PP1 ATTN_CP7 TP7 EP7] [PP-OUTPUT-DEBUG] synchronized skip decision differs from local batch: pp_rank=1 tp_rank=0 cp_rank=7 mb_id=0 synchronized_skip=True local_skip=False
[2026-08-27 15:11:05 PP1 ATTN_CP4 TP4 EP4] [PP-OUTPUT-DEBUG] synchronized skip decision differs from local batch: pp_rank=1 tp_rank=0 cp_rank=4 mb_id=0 synchronized_skip=True local_skip=False
[2026-08-27 15:11:05 PP1 ATTN_CP6 TP6 EP6] [PP-OUTPUT-DEBUG] synchronized skip decision differs from local batch: pp_rank=1 tp_rank=0 cp_rank=6 mb_id=0 synchronized_skip=True local_skip=False
[2026-08-27 15:11:05 PP1 ATTN_CP3 TP3 EP3] [PP-OUTPUT-DEBUG] synchronized skip decision differs from local batch: pp_rank=1 tp_rank=0 cp_rank=3 mb_id=0 synchronized_skip=True local_skip=False
[2026-08-27 15:11:05 PP1 ATTN_CP2 TP2 EP2] [PP-OUTPUT-DEBUG] synchronized skip decision differs from local batch: pp_rank=1 tp_rank=0 cp_rank=2 mb_id=0 synchronized_skip=True local_skip=False
[2026-08-27 15:11:05 PP1 ATTN_CP1 TP1 EP1] [PP-OUTPUT-DEBUG] synchronized skip decision differs from local batch: pp_rank=1 tp_rank=0 cp_rank=1 mb_id=0 synchronized_skip=True local_skip=False
[2026-08-27 15:11:06 PP1 ATTN_CP5 TP5 EP5] [PP-OUTPUT-DEBUG] commit begin: pp_rank=1 tp_rank=0 cp_rank=5 next_first_mb=0 next_mb=1 pending_send_work=0 has_pp_outputs=False
[2026-08-27 15:11:06 PP1 ATTN_CP5 TP5 EP5] [PP-OUTPUT-DEBUG] previous send committed: pp_rank=1 tp_rank=0 cp_rank=5 next_first_mb=0 next_mb=1
[2026-08-27 15:11:06 PP1 ATTN_CP5 TP5 EP5] [PP-OUTPUT-DEBUG] send/recv plan: pp_rank=1 tp_rank=0 cp_rank=5 next_first_mb=0 next_mb=1 send_first=False is_last=True has_forward_output=False send_target_exists=True recv_target_exists=True last_queue_len=1
[2026-08-27 15:11:06 PP1 ATTN_CP5 TP5 EP5] [PP-OUTPUT-DEBUG] commit end: pp_rank=1 tp_rank=0 cp_rank=5 next_first_mb=0 next_mb=1 received_output=False d2h_event=<torch_npu.npu.Event 0xaaab167ec758> new_send_work=0
[2026-08-27 15:11:06 PP1 ATTN_CP0 TP0 EP0] [PP-OUTPUT-DEBUG] commit begin: pp_rank=1 tp_rank=0 cp_rank=0 next_first_mb=0 next_mb=1 pending_send_work=0 has_pp_outputs=False
[2026-08-27 15:11:06 PP1 ATTN_CP0 TP0 EP0] [PP-OUTPUT-DEBUG] previous send committed: pp_rank=1 tp_rank=0 cp_rank=0 next_first_mb=0 next_mb=1
[2026-08-27 15:11:06 PP1 ATTN_CP0 TP0 EP0] [PP-OUTPUT-DEBUG] send/recv plan: pp_rank=1 tp_rank=0 cp_rank=0 next_first_mb=0 next_mb=1 send_first=False is_last=True has_forward_output=False send_target_exists=True recv_target_exists=True last_queue_len=1
[2026-08-27 15:11:06 PP1 ATTN_CP0 TP0 EP0] [PP-OUTPUT-DEBUG] commit end: pp_rank=1 tp_rank=0 cp_rank=0 next_first_mb=0 next_mb=1 received_output=False d2h_event=<torch_npu.npu.Event 0xaaab3f2ea028> new_send_work=0
[2026-08-27 15:11:06 PP1 ATTN_CP1 TP1 EP1] [PP-OUTPUT-DEBUG] commit begin: pp_rank=1 tp_rank=0 cp_rank=1 next_first_mb=0 next_mb=1 pending_send_work=0 has_pp_outputs=False
[2026-08-27 15:11:06 PP1 ATTN_CP1 TP1 EP1] [PP-OUTPUT-DEBUG] previous send committed: pp_rank=1 tp_rank=0 cp_rank=1 next_first_mb=0 next_mb=1
[2026-08-27 15:11:06 PP1 ATTN_CP1 TP1 EP1] [PP-OUTPUT-DEBUG] send/recv plan: pp_rank=1 tp_rank=0 cp_rank=1 next_first_mb=0 next_mb=1 send_first=False is_last=True has_forward_output=False send_target_exists=True recv_target_exists=True last_queue_len=1
[2026-08-27 15:11:06 PP1 ATTN_CP1 TP1 EP1] [PP-OUTPUT-DEBUG] commit end: pp_rank=1 tp_rank=0 cp_rank=1 next_first_mb=0 next_mb=1 received_output=False d2h_event=<torch_npu.npu.Event 0xaaab39df8748> new_send_work=0
[2026-08-27 15:11:06 PP1 ATTN_CP4 TP4 EP4] [PP-OUTPUT-DEBUG] commit begin: pp_rank=1 tp_rank=0 cp_rank=4 next_first_mb=0 next_mb=1 pending_send_work=0 has_pp_outputs=False
[2026-08-27 15:11:06 PP1 ATTN_CP4 TP4 EP4] [PP-OUTPUT-DEBUG] previous send committed: pp_rank=1 tp_rank=0 cp_rank=4 next_first_mb=0 next_mb=1
[2026-08-27 15:11:06 PP1 ATTN_CP4 TP4 EP4] [PP-OUTPUT-DEBUG] send/recv plan: pp_rank=1 tp_rank=0 cp_rank=4 next_first_mb=0 next_mb=1 send_first=False is_last=True has_forward_output=False send_target_exists=True recv_target_exists=True last_queue_len=1
[2026-08-27 15:11:06 PP1 ATTN_CP4 TP4 EP4] [PP-OUTPUT-DEBUG] commit end: pp_rank=1 tp_rank=0 cp_rank=4 next_first_mb=0 next_mb=1 received_output=False d2h_event=<torch_npu.npu.Event 0xaaab12932f78> new_send_work=0
[2026-08-27 15:11:06 PP1 ATTN_CP6 TP6 EP6] [PP-OUTPUT-DEBUG] commit begin: pp_rank=1 tp_rank=0 cp_rank=6 next_first_mb=0 next_mb=1 pending_send_work=0 has_pp_outputs=False
[2026-08-27 15:11:06 PP1 ATTN_CP6 TP6 EP6] [PP-OUTPUT-DEBUG] previous send committed: pp_rank=1 tp_rank=0 cp_rank=6 next_first_mb=0 next_mb=1
[2026-08-27 15:11:06 PP1 ATTN_CP6 TP6 EP6] [PP-OUTPUT-DEBUG] send/recv plan: pp_rank=1 tp_rank=0 cp_rank=6 next_first_mb=0 next_mb=1 send_first=False is_last=True has_forward_output=False send_target_exists=True recv_target_exists=True last_queue_len=1
[2026-08-27 15:11:06 PP1 ATTN_CP6 TP6 EP6] [PP-OUTPUT-DEBUG] commit end: pp_rank=1 tp_rank=0 cp_rank=6 next_first_mb=0 next_mb=1 received_output=False d2h_event=<torch_npu.npu.Event 0xaaab51d50138> new_send_work=0
[2026-08-27 15:11:06 PP1 ATTN_CP3 TP3 EP3] [PP-OUTPUT-DEBUG] commit begin: pp_rank=1 tp_rank=0 cp_rank=3 next_first_mb=0 next_mb=1 pending_send_work=0 has_pp_outputs=False
[2026-08-27 15:11:06 PP1 ATTN_CP3 TP3 EP3] [PP-OUTPUT-DEBUG] previous send committed: pp_rank=1 tp_rank=0 cp_rank=3 next_first_mb=0 next_mb=1
[2026-08-27 15:11:06 PP1 ATTN_CP3 TP3 EP3] [PP-OUTPUT-DEBUG] send/recv plan: pp_rank=1 tp_rank=0 cp_rank=3 next_first_mb=0 next_mb=1 send_first=False is_last=True has_forward_output=False send_target_exists=True recv_target_exists=True last_queue_len=1
[2026-08-27 15:11:06 PP1 ATTN_CP3 TP3 EP3] [PP-OUTPUT-DEBUG] commit end: pp_rank=1 tp_rank=0 cp_rank=3 next_first_mb=0 next_mb=1 received_output=False d2h_event=<torch_npu.npu.Event 0xaaab1d029458> new_send_work=0
[2026-08-27 15:11:06 PP1 ATTN_CP2 TP2 EP2] [PP-OUTPUT-DEBUG] commit begin: pp_rank=1 tp_rank=0 cp_rank=2 next_first_mb=0 next_mb=1 pending_send_work=0 has_pp_outputs=False
[2026-08-27 15:11:06 PP1 ATTN_CP2 TP2 EP2] [PP-OUTPUT-DEBUG] previous send committed: pp_rank=1 tp_rank=0 cp_rank=2 next_first_mb=0 next_mb=1
[2026-08-27 15:11:06 PP1 ATTN_CP2 TP2 EP2] [PP-OUTPUT-DEBUG] send/recv plan: pp_rank=1 tp_rank=0 cp_rank=2 next_first_mb=0 next_mb=1 send_first=False is_last=True has_forward_output=False send_target_exists=True recv_target_exists=True last_queue_len=1
[2026-08-27 15:11:06 PP1 ATTN_CP2 TP2 EP2] [PP-OUTPUT-DEBUG] commit end: pp_rank=1 tp_rank=0 cp_rank=2 next_first_mb=0 next_mb=1 received_output=False d2h_event=<torch_npu.npu.Event 0xaaaafee115c8> new_send_work=0
[2026-08-27 15:11:06 PP1 ATTN_CP7 TP7 EP7] [PP-OUTPUT-DEBUG] commit begin: pp_rank=1 tp_rank=0 cp_rank=7 next_first_mb=0 next_mb=1 pending_send_work=0 has_pp_outputs=False
[2026-08-27 15:11:06 PP1 ATTN_CP7 TP7 EP7] [PP-OUTPUT-DEBUG] previous send committed: pp_rank=1 tp_rank=0 cp_rank=7 next_first_mb=0 next_mb=1
[2026-08-27 15:11:06 PP1 ATTN_CP7 TP7 EP7] [PP-OUTPUT-DEBUG] send/recv plan: pp_rank=1 tp_rank=0 cp_rank=7 next_first_mb=0 next_mb=1 send_first=False is_last=True has_forward_output=False send_target_exists=True recv_target_exists=True last_queue_len=1
[2026-08-27 15:11:06 PP1 ATTN_CP7 TP7 EP7] [PP-OUTPUT-DEBUG] commit end: pp_rank=1 tp_rank=0 cp_rank=7 next_first_mb=0 next_mb=1 received_output=False d2h_event=<torch_npu.npu.Event 0xaaab33a5a8a8> new_send_work=0
[2026-08-27 15:11:06 PP1 ATTN_CP0 TP0 EP0] [PP-OUTPUT-DEBUG] d2h sync begin: pp_rank=1 tp_rank=0 cp_rank=0 mb_id=0 next_mb_id=1 event=<torch_npu.npu.Event 0xaaab3f2ea028> event_ready=False schedule_stream=<torch_npu.npu.Stream device=npu:0 npu_stream=0xaaab37572a58> schedule_ready=True copy_stream=<torch_npu.npu.Stream device=npu:0 npu_stream=0xaaab3744e708> copy_ready=True pending_output_work=0
[2026-08-27 15:11:06 PP1 ATTN_CP0 TP0 EP0] [PP-OUTPUT-DEBUG] d2h sync end: pp_rank=1 tp_rank=0 cp_rank=0 mb_id=0 next_mb_id=1
[2026-08-27 15:11:06 PP1 ATTN_CP1 TP1 EP1] [PP-OUTPUT-DEBUG] d2h sync begin: pp_rank=1 tp_rank=0 cp_rank=1 mb_id=0 next_mb_id=1 event=<torch_npu.npu.Event 0xaaab39df8748> event_ready=False schedule_stream=<torch_npu.npu.Stream device=npu:1 npu_stream=0xaaab2a8307d8> schedule_ready=True copy_stream=<torch_npu.npu.Stream device=npu:1 npu_stream=0xaaab2a70c488> copy_ready=True pending_output_work=0
[2026-08-27 15:11:06 PP1 ATTN_CP5 TP5 EP5] [PP-OUTPUT-DEBUG] d2h sync begin: pp_rank=1 tp_rank=0 cp_rank=5 mb_id=0 next_mb_id=1 event=<torch_npu.npu.Event 0xaaab167ec758> event_ready=False schedule_stream=<torch_npu.npu.Stream device=npu:5 npu_stream=0xaaab10df0518> schedule_ready=True copy_stream=<torch_npu.npu.Stream device=npu:5 npu_stream=0xaaab10ccc1c8> copy_ready=True pending_output_work=0
[2026-08-27 15:11:06 PP1 ATTN_CP3 TP3 EP3] [PP-OUTPUT-DEBUG] d2h sync begin: pp_rank=1 tp_rank=0 cp_rank=3 mb_id=0 next_mb_id=1 event=<torch_npu.npu.Event 0xaaab1d029458> event_ready=False schedule_stream=<torch_npu.npu.Stream device=npu:3 npu_stream=0xaaab0eed71a8> schedule_ready=True copy_stream=<torch_npu.npu.Stream device=npu:3 npu_stream=0xaaab0edb2e58> copy_ready=True pending_output_work=0
[2026-08-27 15:11:06 PP1 ATTN_CP4 TP4 EP4] [PP-OUTPUT-DEBUG] d2h sync begin: pp_rank=1 tp_rank=0 cp_rank=4 mb_id=0 next_mb_id=1 event=<torch_npu.npu.Event 0xaaab12932f78> event_ready=False schedule_stream=<torch_npu.npu.Stream device=npu:4 npu_stream=0xaaab097b7ef8> schedule_ready=True copy_stream=<torch_npu.npu.Stream device=npu:4 npu_stream=0xaaab09693ba8> copy_ready=True pending_output_work=0
[2026-08-27 15:11:06 PP1 ATTN_CP7 TP7 EP7] [PP-OUTPUT-DEBUG] d2h sync begin: pp_rank=1 tp_rank=0 cp_rank=7 mb_id=0 next_mb_id=1 event=<torch_npu.npu.Event 0xaaab33a5a8a8> event_ready=False schedule_stream=<torch_npu.npu.Stream device=npu:7 npu_stream=0xaaab2da5ea88> schedule_ready=True copy_stream=<torch_npu.npu.Stream device=npu:7 npu_stream=0xaaab2d93a738> copy_ready=True pending_output_work=0
[2026-08-27 15:11:06 PP1 ATTN_CP6 TP6 EP6] [PP-OUTPUT-DEBUG] d2h sync begin: pp_rank=1 tp_rank=0 cp_rank=6 mb_id=0 next_mb_id=1 event=<torch_npu.npu.Event 0xaaab51d50138> event_ready=False schedule_stream=<torch_npu.npu.Stream device=npu:6 npu_stream=0xaaab4379b3f8> schedule_ready=True copy_stream=<torch_npu.npu.Stream device=npu:6 npu_stream=0xaaab436770a8> copy_ready=True pending_output_work=0
[2026-08-27 15:11:06 PP1 ATTN_CP1 TP1 EP1] [PP-OUTPUT-DEBUG] d2h sync end: pp_rank=1 tp_rank=0 cp_rank=1 mb_id=0 next_mb_id=1
[2026-08-27 15:11:06 PP1 ATTN_CP5 TP5 EP5] [PP-OUTPUT-DEBUG] d2h sync end: pp_rank=1 tp_rank=0 cp_rank=5 mb_id=0 next_mb_id=1
[2026-08-27 15:11:06 PP1 ATTN_CP4 TP4 EP4] [PP-OUTPUT-DEBUG] d2h sync end: pp_rank=1 tp_rank=0 cp_rank=4 mb_id=0 next_mb_id=1
[2026-08-27 15:11:06 PP1 ATTN_CP3 TP3 EP3] [PP-OUTPUT-DEBUG] d2h sync end: pp_rank=1 tp_rank=0 cp_rank=3 mb_id=0 next_mb_id=1
[2026-08-27 15:11:06 PP1 ATTN_CP7 TP7 EP7] [PP-OUTPUT-DEBUG] d2h sync end: pp_rank=1 tp_rank=0 cp_rank=7 mb_id=0 next_mb_id=1
[2026-08-27 15:11:06 PP1 ATTN_CP6 TP6 EP6] [PP-OUTPUT-DEBUG] d2h sync end: pp_rank=1 tp_rank=0 cp_rank=6 mb_id=0 next_mb_id=1
[2026-08-27 15:11:06 PP1 ATTN_CP0 TP0 EP0] Prefill batch, #new-seq: 1, #new-token: 16384, #cached-token: 0, token usage: 0.10, #running-req: 0, #queue-req: 3, #pending-token: 129407, npu graph: False, input throughput (token/s): 586.64
[2026-08-27 15:11:06 PP1 ATTN_CP1 TP1 EP1] Prefill batch, #new-seq: 1, #new-token: 16384, #cached-token: 0, token usage: 0.10, #running-req: 0, #queue-req: 3, #pending-token: 129407, npu graph: False, input throughput (token/s): 584.55
[2026-08-27 15:11:06 PP1 ATTN_CP5 TP5 EP5] Prefill batch, #new-seq: 1, #new-token: 16384, #cached-token: 0, token usage: 0.10, #running-req: 0, #queue-req: 3, #pending-token: 129407, npu graph: False, input throughput (token/s): 519.38
[2026-08-27 15:11:06 PP1 ATTN_CP3 TP3 EP3] Prefill batch, #new-seq: 1, #new-token: 16384, #cached-token: 0, token usage: 0.10, #running-req: 0, #queue-req: 3, #pending-token: 129407, npu graph: False, input throughput (token/s): 528.95
[2026-08-27 15:11:06 PP1 ATTN_CP6 TP6 EP6] Prefill batch, #new-seq: 1, #new-token: 16384, #cached-token: 0, token usage: 0.10, #running-req: 0, #queue-req: 3, #pending-token: 129407, npu graph: False, input throughput (token/s): 584.46
[2026-08-27 15:11:06 PP1 ATTN_CP7 TP7 EP7] Prefill batch, #new-seq: 1, #new-token: 16384, #cached-token: 0, token usage: 0.10, #running-req: 0, #queue-req: 3, #pending-token: 129407, npu graph: False, input throughput (token/s): 587.23
[2026-08-27 15:11:06 PP1 ATTN_CP4 TP4 EP4] Prefill batch, #new-seq: 1, #new-token: 16384, #cached-token: 0, token usage: 0.10, #running-req: 0, #queue-req: 3, #pending-token: 129407, npu graph: False, input throughput (token/s): 524.06
[2026-08-27 15:11:06 PP1 ATTN_CP2 TP2 EP2] [PP-OUTPUT-DEBUG] d2h sync begin: pp_rank=1 tp_rank=0 cp_rank=2 mb_id=0 next_mb_id=1 event=<torch_npu.npu.Event 0xaaaafee115c8> event_ready=False schedule_stream=<torch_npu.npu.Stream device=npu:2 npu_stream=0xaaaaf42b58b8> schedule_ready=True copy_stream=<torch_npu.npu.Stream device=npu:2 npu_stream=0xaaaaf4191568> copy_ready=True pending_output_work=0
[2026-08-27 15:11:06 PP1 ATTN_CP2 TP2 EP2] [PP-OUTPUT-DEBUG] d2h sync end: pp_rank=1 tp_rank=0 cp_rank=2 mb_id=0 next_mb_id=1
[2026-08-27 15:11:06 PP1 ATTN_CP2 TP2 EP2] Prefill batch, #new-seq: 1, #new-token: 16384, #cached-token: 0, token usage: 0.10, #running-req: 0, #queue-req: 3, #pending-token: 129407, npu graph: False, input throughput (token/s): 519.90
[2026-08-27 15:11:06 PP1 ATTN_CP5 TP5 EP5] [PP-OUTPUT-DEBUG] synchronized skip decision differs from local batch: pp_rank=1 tp_rank=0 cp_rank=5 mb_id=1 synchronized_skip=True local_skip=False
[2026-08-27 15:11:06 PP1 ATTN_CP7 TP7 EP7] [PP-OUTPUT-DEBUG] synchronized skip decision differs from local batch: pp_rank=1 tp_rank=0 cp_rank=7 mb_id=1 synchronized_skip=True local_skip=False
[2026-08-27 15:11:06 PP1 ATTN_CP4 TP4 EP4] [PP-OUTPUT-DEBUG] synchronized skip decision differs from local batch: pp_rank=1 tp_rank=0 cp_rank=4 mb_id=1 synchronized_skip=True local_skip=False
[2026-08-27 15:11:06 PP1 ATTN_CP1 TP1 EP1] [PP-OUTPUT-DEBUG] synchronized skip decision differs from local batch: pp_rank=1 tp_rank=0 cp_rank=1 mb_id=1 synchronized_skip=True local_skip=False
[2026-08-27 15:11:06 PP1 ATTN_CP0 TP0 EP0] [PP-OUTPUT-DEBUG] synchronized skip decision differs from local batch: pp_rank=1 tp_rank=0 cp_rank=0 mb_id=1 synchronized_skip=True local_skip=False
[2026-08-27 15:11:06 PP1 ATTN_CP3 TP3 EP3] [PP-OUTPUT-DEBUG] synchronized skip decision differs from local batch: pp_rank=1 tp_rank=0 cp_rank=3 mb_id=1 synchronized_skip=True local_skip=False
[2026-08-27 15:11:06 PP1 ATTN_CP6 TP6 EP6] [PP-OUTPUT-DEBUG] synchronized skip decision differs from local batch: pp_rank=1 tp_rank=0 cp_rank=6 mb_id=1 synchronized_skip=True local_skip=False
[2026-08-27 15:11:06 PP1 ATTN_CP2 TP2 EP2] [PP-OUTPUT-DEBUG] synchronized skip decision differs from local batch: pp_rank=1 tp_rank=0 cp_rank=2 mb_id=1 synchronized_skip=True local_skip=False
[2026-08-27 15:11:06 PP1 ATTN_CP5 TP5 EP5] [PP-OUTPUT-DEBUG] commit begin: pp_rank=1 tp_rank=0 cp_rank=5 next_first_mb=1 next_mb=0 pending_send_work=0 has_pp_outputs=False
[2026-08-27 15:11:06 PP1 ATTN_CP5 TP5 EP5] [PP-OUTPUT-DEBUG] previous send committed: pp_rank=1 tp_rank=0 cp_rank=5 next_first_mb=1 next_mb=0
[2026-08-27 15:11:06 PP1 ATTN_CP5 TP5 EP5] [PP-OUTPUT-DEBUG] send/recv plan: pp_rank=1 tp_rank=0 cp_rank=5 next_first_mb=1 next_mb=0 send_first=False is_last=True has_forward_output=False send_target_exists=True recv_target_exists=True last_queue_len=1
[2026-08-27 15:11:06 PP1 ATTN_CP5 TP5 EP5] [PP-OUTPUT-DEBUG] commit end: pp_rank=1 tp_rank=0 cp_rank=5 next_first_mb=1 next_mb=0 received_output=False d2h_event=<torch_npu.npu.Event 0xaaab1e0465f8> new_send_work=0
[2026-08-27 15:11:06 PP1 ATTN_CP0 TP0 EP0] [PP-OUTPUT-DEBUG] commit begin: pp_rank=1 tp_rank=0 cp_rank=0 next_first_mb=1 next_mb=0 pending_send_work=0 has_pp_outputs=False
[2026-08-27 15:11:06 PP1 ATTN_CP0 TP0 EP0] [PP-OUTPUT-DEBUG] previous send committed: pp_rank=1 tp_rank=0 cp_rank=0 next_first_mb=1 next_mb=0
[2026-08-27 15:11:06 PP1 ATTN_CP0 TP0 EP0] [PP-OUTPUT-DEBUG] send/recv plan: pp_rank=1 tp_rank=0 cp_rank=0 next_first_mb=1 next_mb=0 send_first=False is_last=True has_forward_output=False send_target_exists=True recv_target_exists=True last_queue_len=1
[2026-08-27 15:11:06 PP1 ATTN_CP0 TP0 EP0] [PP-OUTPUT-DEBUG] commit end: pp_rank=1 tp_rank=0 cp_rank=0 next_first_mb=1 next_mb=0 received_output=False d2h_event=<torch_npu.npu.Event 0xaaab3cee9948> new_send_work=0
[2026-08-27 15:11:06 PP1 ATTN_CP1 TP1 EP1] [PP-OUTPUT-DEBUG] commit begin: pp_rank=1 tp_rank=0 cp_rank=1 next_first_mb=1 next_mb=0 pending_send_work=0 has_pp_outputs=False
[2026-08-27 15:11:06 PP1 ATTN_CP1 TP1 EP1] [PP-OUTPUT-DEBUG] previous send committed: pp_rank=1 tp_rank=0 cp_rank=1 next_first_mb=1 next_mb=0
[2026-08-27 15:11:06 PP1 ATTN_CP1 TP1 EP1] [PP-OUTPUT-DEBUG] send/recv plan: pp_rank=1 tp_rank=0 cp_rank=1 next_first_mb=1 next_mb=0 send_first=False is_last=True has_forward_output=False send_target_exists=True recv_target_exists=True last_queue_len=1
[2026-08-27 15:11:06 PP1 ATTN_CP1 TP1 EP1] [PP-OUTPUT-DEBUG] commit end: pp_rank=1 tp_rank=0 cp_rank=1 next_first_mb=1 next_mb=0 received_output=False d2h_event=<torch_npu.npu.Event 0xaaab319ab4a8> new_send_work=0
[2026-08-27 15:11:06 PP1 ATTN_CP4 TP4 EP4] [PP-OUTPUT-DEBUG] commit begin: pp_rank=1 tp_rank=0 cp_rank=4 next_first_mb=1 next_mb=0 pending_send_work=0 has_pp_outputs=False
[2026-08-27 15:11:06 PP1 ATTN_CP4 TP4 EP4] [PP-OUTPUT-DEBUG] previous send committed: pp_rank=1 tp_rank=0 cp_rank=4 next_first_mb=1 next_mb=0
[2026-08-27 15:11:06 PP1 ATTN_CP4 TP4 EP4] [PP-OUTPUT-DEBUG] send/recv plan: pp_rank=1 tp_rank=0 cp_rank=4 next_first_mb=1 next_mb=0 send_first=False is_last=True has_forward_output=False send_target_exists=True recv_target_exists=True last_queue_len=1
[2026-08-27 15:11:06 PP1 ATTN_CP4 TP4 EP4] [PP-OUTPUT-DEBUG] commit end: pp_rank=1 tp_rank=0 cp_rank=4 next_first_mb=1 next_mb=0 received_output=False d2h_event=<torch_npu.npu.Event 0xaaab180e6768> new_send_work=0
[2026-08-27 15:11:06 PP1 ATTN_CP6 TP6 EP6] [PP-OUTPUT-DEBUG] commit begin: pp_rank=1 tp_rank=0 cp_rank=6 next_first_mb=1 next_mb=0 pending_send_work=0 has_pp_outputs=False
[2026-08-27 15:11:06 PP1 ATTN_CP6 TP6 EP6] [PP-OUTPUT-DEBUG] previous send committed: pp_rank=1 tp_rank=0 cp_rank=6 next_first_mb=1 next_mb=0
[2026-08-27 15:11:06 PP1 ATTN_CP6 TP6 EP6] [PP-OUTPUT-DEBUG] send/recv plan: pp_rank=1 tp_rank=0 cp_rank=6 next_first_mb=1 next_mb=0 send_first=False is_last=True has_forward_output=False send_target_exists=True recv_target_exists=True last_queue_len=1
[2026-08-27 15:11:06 PP1 ATTN_CP3 TP3 EP3] [PP-OUTPUT-DEBUG] commit begin: pp_rank=1 tp_rank=0 cp_rank=3 next_first_mb=1 next_mb=0 pending_send_work=0 has_pp_outputs=False
[2026-08-27 15:11:06 PP1 ATTN_CP3 TP3 EP3] [PP-OUTPUT-DEBUG] previous send committed: pp_rank=1 tp_rank=0 cp_rank=3 next_first_mb=1 next_mb=0
[2026-08-27 15:11:06 PP1 ATTN_CP3 TP3 EP3] [PP-OUTPUT-DEBUG] send/recv plan: pp_rank=1 tp_rank=0 cp_rank=3 next_first_mb=1 next_mb=0 send_first=False is_last=True has_forward_output=False send_target_exists=True recv_target_exists=True last_queue_len=1
[2026-08-27 15:11:06 PP1 ATTN_CP6 TP6 EP6] [PP-OUTPUT-DEBUG] commit end: pp_rank=1 tp_rank=0 cp_rank=6 next_first_mb=1 next_mb=0 received_output=False d2h_event=<torch_npu.npu.Event 0xaaab4e4dd7e8> new_send_work=0
[2026-08-27 15:11:06 PP1 ATTN_CP3 TP3 EP3] [PP-OUTPUT-DEBUG] commit end: pp_rank=1 tp_rank=0 cp_rank=3 next_first_mb=1 next_mb=0 received_output=False d2h_event=<torch_npu.npu.Event 0xaaab229a8ca8> new_send_work=0
[2026-08-27 15:11:06 PP1 ATTN_CP2 TP2 EP2] [PP-OUTPUT-DEBUG] commit begin: pp_rank=1 tp_rank=0 cp_rank=2 next_first_mb=1 next_mb=0 pending_send_work=0 has_pp_outputs=False
[2026-08-27 15:11:06 PP1 ATTN_CP2 TP2 EP2] [PP-OUTPUT-DEBUG] previous send committed: pp_rank=1 tp_rank=0 cp_rank=2 next_first_mb=1 next_mb=0
[2026-08-27 15:11:06 PP1 ATTN_CP2 TP2 EP2] [PP-OUTPUT-DEBUG] send/recv plan: pp_rank=1 tp_rank=0 cp_rank=2 next_first_mb=1 next_mb=0 send_first=False is_last=True has_forward_output=False send_target_exists=True recv_target_exists=True last_queue_len=1
[2026-08-27 15:11:06 PP1 ATTN_CP2 TP2 EP2] [PP-OUTPUT-DEBUG] commit end: pp_rank=1 tp_rank=0 cp_rank=2 next_first_mb=1 next_mb=0 received_output=False d2h_event=<torch_npu.npu.Event 0xaaab02ece248> new_send_work=0
[2026-08-27 15:11:06 PP1 ATTN_CP7 TP7 EP7] [PP-OUTPUT-DEBUG] commit begin: pp_rank=1 tp_rank=0 cp_rank=7 next_first_mb=1 next_mb=0 pending_send_work=0 has_pp_outputs=False
[2026-08-27 15:11:06 PP1 ATTN_CP7 TP7 EP7] [PP-OUTPUT-DEBUG] previous send committed: pp_rank=1 tp_rank=0 cp_rank=7 next_first_mb=1 next_mb=0
[2026-08-27 15:11:06 PP1 ATTN_CP7 TP7 EP7] [PP-OUTPUT-DEBUG] send/recv plan: pp_rank=1 tp_rank=0 cp_rank=7 next_first_mb=1 next_mb=0 send_first=False is_last=True has_forward_output=False send_target_exists=True recv_target_exists=True last_queue_len=1
[2026-08-27 15:11:06 PP1 ATTN_CP7 TP7 EP7] [PP-OUTPUT-DEBUG] commit end: pp_rank=1 tp_rank=0 cp_rank=7 next_first_mb=1 next_mb=0 received_output=False d2h_event=<torch_npu.npu.Event 0xaaab353c7e88> new_send_work=0
[2026-08-27 15:11:06 PP1 ATTN_CP0 TP0 EP0] [PP-OUTPUT-DEBUG] d2h sync begin: pp_rank=1 tp_rank=0 cp_rank=0 mb_id=1 next_mb_id=0 event=<torch_npu.npu.Event 0xaaab3cee9948> event_ready=False schedule_stream=<torch_npu.npu.Stream device=npu:0 npu_stream=0xaaab37572a58> schedule_ready=True copy_stream=<torch_npu.npu.Stream device=npu:0 npu_stream=0xaaab3744e708> copy_ready=True pending_output_work=0
[2026-08-27 15:11:06 PP1 ATTN_CP0 TP0 EP0] [PP-OUTPUT-DEBUG] d2h sync end: pp_rank=1 tp_rank=0 cp_rank=0 mb_id=1 next_mb_id=0
[2026-08-27 15:11:06 PP1 ATTN_CP0 TP0 EP0] Prefill batch, #new-seq: 1, #new-token: 16384, #cached-token: 0, token usage: 0.15, #running-req: 0, #queue-req: 3, #pending-token: 550396, npu graph: False, input throughput (token/s): 36000.08
[2026-08-27 15:11:06 PP1 ATTN_CP5 TP5 EP5] [PP-OUTPUT-DEBUG] d2h sync begin: pp_rank=1 tp_rank=0 cp_rank=5 mb_id=1 next_mb_id=0 event=<torch_npu.npu.Event 0xaaab1e0465f8> event_ready=False schedule_stream=<torch_npu.npu.Stream device=npu:5 npu_stream=0xaaab10df0518> schedule_ready=True copy_stream=<torch_npu.npu.Stream device=npu:5 npu_stream=0xaaab10ccc1c8> copy_ready=True pending_output_work=0
[2026-08-27 15:11:06 PP1 ATTN_CP2 TP2 EP2] [PP-OUTPUT-DEBUG] d2h sync begin: pp_rank=1 tp_rank=0 cp_rank=2 mb_id=1 next_mb_id=0 event=<torch_npu.npu.Event 0xaaab02ece248> event_ready=False schedule_stream=<torch_npu.npu.Stream device=npu:2 npu_stream=0xaaaaf42b58b8> schedule_ready=True copy_stream=<torch_npu.npu.Stream device=npu:2 npu_stream=0xaaaaf4191568> copy_ready=True pending_output_work=0
[2026-08-27 15:11:06 PP1 ATTN_CP5 TP5 EP5] [PP-OUTPUT-DEBUG] d2h sync end: pp_rank=1 tp_rank=0 cp_rank=5 mb_id=1 next_mb_id=0
[2026-08-27 15:11:06 PP1 ATTN_CP3 TP3 EP3] [PP-OUTPUT-DEBUG] d2h sync begin: pp_rank=1 tp_rank=0 cp_rank=3 mb_id=1 next_mb_id=0 event=<torch_npu.npu.Event 0xaaab229a8ca8> event_ready=False schedule_stream=<torch_npu.npu.Stream device=npu:3 npu_stream=0xaaab0eed71a8> schedule_ready=True copy_stream=<torch_npu.npu.Stream device=npu:3 npu_stream=0xaaab0edb2e58> copy_ready=True pending_output_work=0
[2026-08-27 15:11:06 PP1 ATTN_CP2 TP2 EP2] [PP-OUTPUT-DEBUG] d2h sync end: pp_rank=1 tp_rank=0 cp_rank=2 mb_id=1 next_mb_id=0
[2026-08-27 15:11:06 PP1 ATTN_CP6 TP6 EP6] [PP-OUTPUT-DEBUG] d2h sync begin: pp_rank=1 tp_rank=0 cp_rank=6 mb_id=1 next_mb_id=0 event=<torch_npu.npu.Event 0xaaab4e4dd7e8> event_ready=False schedule_stream=<torch_npu.npu.Stream device=npu:6 npu_stream=0xaaab4379b3f8> schedule_ready=True copy_stream=<torch_npu.npu.Stream device=npu:6 npu_stream=0xaaab436770a8> copy_ready=True pending_output_work=0
[2026-08-27 15:11:06 PP1 ATTN_CP4 TP4 EP4] [PP-OUTPUT-DEBUG] d2h sync begin: pp_rank=1 tp_rank=0 cp_rank=4 mb_id=1 next_mb_id=0 event=<torch_npu.npu.Event 0xaaab180e6768> event_ready=False schedule_stream=<torch_npu.npu.Stream device=npu:4 npu_stream=0xaaab097b7ef8> schedule_ready=True copy_stream=<torch_npu.npu.Stream device=npu:4 npu_stream=0xaaab09693ba8> copy_ready=True pending_output_work=0
[2026-08-27 15:11:06 PP1 ATTN_CP3 TP3 EP3] [PP-OUTPUT-DEBUG] d2h sync end: pp_rank=1 tp_rank=0 cp_rank=3 mb_id=1 next_mb_id=0
[2026-08-27 15:11:06 PP1 ATTN_CP6 TP6 EP6] [PP-OUTPUT-DEBUG] d2h sync end: pp_rank=1 tp_rank=0 cp_rank=6 mb_id=1 next_mb_id=0
[2026-08-27 15:11:06 PP1 ATTN_CP4 TP4 EP4] [PP-OUTPUT-DEBUG] d2h sync end: pp_rank=1 tp_rank=0 cp_rank=4 mb_id=1 next_mb_id=0
[2026-08-27 15:11:06 PP1 ATTN_CP7 TP7 EP7] [PP-OUTPUT-DEBUG] d2h sync begin: pp_rank=1 tp_rank=0 cp_rank=7 mb_id=1 next_mb_id=0 event=<torch_npu.npu.Event 0xaaab353c7e88> event_ready=False schedule_stream=<torch_npu.npu.Stream device=npu:7 npu_stream=0xaaab2da5ea88> schedule_ready=True copy_stream=<torch_npu.npu.Stream device=npu:7 npu_stream=0xaaab2d93a738> copy_ready=True pending_output_work=0
[2026-08-27 15:11:06 PP1 ATTN_CP7 TP7 EP7] [PP-OUTPUT-DEBUG] d2h sync end: pp_rank=1 tp_rank=0 cp_rank=7 mb_id=1 next_mb_id=0
[2026-08-27 15:11:06 PP1 ATTN_CP5 TP5 EP5] Prefill batch, #new-seq: 1, #new-token: 16384, #cached-token: 0, token usage: 0.15, #running-req: 0, #queue-req: 3, #pending-token: 550396, npu graph: False, input throughput (token/s): 35990.98
[2026-08-27 15:11:06 PP1 ATTN_CP3 TP3 EP3] Prefill batch, #new-seq: 1, #new-token: 16384, #cached-token: 0, token usage: 0.15, #running-req: 0, #queue-req: 3, #pending-token: 550396, npu graph: False, input throughput (token/s): 35987.87
[2026-08-27 15:11:06 PP1 ATTN_CP2 TP2 EP2] Prefill batch, #new-seq: 1, #new-token: 16384, #cached-token: 0, token usage: 0.15, #running-req: 0, #queue-req: 3, #pending-token: 550396, npu graph: False, input throughput (token/s): 36540.94
[2026-08-27 15:11:06 PP1 ATTN_CP6 TP6 EP6] Prefill batch, #new-seq: 1, #new-token: 16384, #cached-token: 0, token usage: 0.15, #running-req: 0, #queue-req: 3, #pending-token: 550396, npu graph: False, input throughput (token/s): 35987.75
[2026-08-27 15:11:06 PP1 ATTN_CP4 TP4 EP4] Prefill batch, #new-seq: 1, #new-token: 16384, #cached-token: 0, token usage: 0.15, #running-req: 0, #queue-req: 3, #pending-token: 550396, npu graph: False, input throughput (token/s): 35985.56
[2026-08-27 15:11:06 PP1 ATTN_CP7 TP7 EP7] Prefill batch, #new-seq: 1, #new-token: 16384, #cached-token: 0, token usage: 0.15, #running-req: 0, #queue-req: 3, #pending-token: 550396, npu graph: False, input throughput (token/s): 35978.64
[2026-08-27 15:11:06 PP1 ATTN_CP1 TP1 EP1] [PP-OUTPUT-DEBUG] d2h sync begin: pp_rank=1 tp_rank=0 cp_rank=1 mb_id=1 next_mb_id=0 event=<torch_npu.npu.Event 0xaaab319ab4a8> event_ready=False schedule_stream=<torch_npu.npu.Stream device=npu:1 npu_stream=0xaaab2a8307d8> schedule_ready=True copy_stream=<torch_npu.npu.Stream device=npu:1 npu_stream=0xaaab2a70c488> copy_ready=True pending_output_work=0
[2026-08-27 15:11:06 PP1 ATTN_CP1 TP1 EP1] [PP-OUTPUT-DEBUG] d2h sync end: pp_rank=1 tp_rank=0 cp_rank=1 mb_id=1 next_mb_id=0
[2026-08-27 15:11:06 PP1 ATTN_CP1 TP1 EP1] Prefill batch, #new-seq: 1, #new-token: 16384, #cached-token: 0, token usage: 0.15, #running-req: 0, #queue-req: 3, #pending-token: 550396, npu graph: False, input throughput (token/s): 35869.80
[2026-08-27 15:11:06 PP1 ATTN_CP0 TP0 EP0] [PP-OUTPUT-DEBUG] synchronized skip decision differs from local batch: pp_rank=1 tp_rank=0 cp_rank=0 mb_id=0 synchronized_skip=True local_skip=False
[2026-08-27 15:11:06 PP1 ATTN_CP5 TP5 EP5] [PP-OUTPUT-DEBUG] synchronized skip decision differs from local batch: pp_rank=1 tp_rank=0 cp_rank=5 mb_id=0 synchronized_skip=True local_skip=False
[2026-08-27 15:11:06 PP1 ATTN_CP3 TP3 EP3] [PP-OUTPUT-DEBUG] synchronized skip decision differs from local batch: pp_rank=1 tp_rank=0 cp_rank=3 mb_id=0 synchronized_skip=True local_skip=False
[2026-08-27 15:11:06 PP1 ATTN_CP2 TP2 EP2] [PP-OUTPUT-DEBUG] synchronized skip decision differs from local batch: pp_rank=1 tp_rank=0 cp_rank=2 mb_id=0 synchronized_skip=True local_skip=False
[2026-08-27 15:11:06 PP1 ATTN_CP4 TP4 EP4] [PP-OUTPUT-DEBUG] synchronized skip decision differs from local batch: pp_rank=1 tp_rank=0 cp_rank=4 mb_id=0 synchronized_skip=True local_skip=False
[2026-08-27 15:11:06 PP1 ATTN_CP6 TP6 EP6] [PP-OUTPUT-DEBUG] synchronized skip decision differs from local batch: pp_rank=1 tp_rank=0 cp_rank=6 mb_id=0 synchronized_skip=True local_skip=False
[2026-08-27 15:11:06 PP1 ATTN_CP7 TP7 EP7] [PP-OUTPUT-DEBUG] synchronized skip decision differs from local batch: pp_rank=1 tp_rank=0 cp_rank=7 mb_id=0 synchronized_skip=True local_skip=False
[2026-08-27 15:11:06 PP1 ATTN_CP1 TP1 EP1] [PP-OUTPUT-DEBUG] synchronized skip decision differs from local batch: pp_rank=1 tp_rank=0 cp_rank=1 mb_id=0 synchronized_skip=True local_skip=False
[2026-08-27 15:11:06 PP1 ATTN_CP5 TP5 EP5] [PP-OUTPUT-DEBUG] commit begin: pp_rank=1 tp_rank=0 cp_rank=5 next_first_mb=0 next_mb=1 pending_send_work=0 has_pp_outputs=False
[2026-08-27 15:11:06 PP1 ATTN_CP5 TP5 EP5] [PP-OUTPUT-DEBUG] previous send committed: pp_rank=1 tp_rank=0 cp_rank=5 next_first_mb=0 next_mb=1
[2026-08-27 15:11:06 PP1 ATTN_CP5 TP5 EP5] [PP-OUTPUT-DEBUG] send/recv plan: pp_rank=1 tp_rank=0 cp_rank=5 next_first_mb=0 next_mb=1 send_first=False is_last=True has_forward_output=False send_target_exists=True recv_target_exists=True last_queue_len=1
[2026-08-27 15:11:06 PP1 ATTN_CP5 TP5 EP5] [PP-OUTPUT-DEBUG] commit end: pp_rank=1 tp_rank=0 cp_rank=5 next_first_mb=0 next_mb=1 received_output=False d2h_event=<torch_npu.npu.Event 0xaaab18a07c48> new_send_work=0
[2026-08-27 15:11:06 PP1 ATTN_CP0 TP0 EP0] [PP-OUTPUT-DEBUG] commit begin: pp_rank=1 tp_rank=0 cp_rank=0 next_first_mb=0 next_mb=1 pending_send_work=0 has_pp_outputs=False
[2026-08-27 15:11:06 PP1 ATTN_CP0 TP0 EP0] [PP-OUTPUT-DEBUG] previous send committed: pp_rank=1 tp_rank=0 cp_rank=0 next_first_mb=0 next_mb=1
[2026-08-27 15:11:06 PP1 ATTN_CP0 TP0 EP0] [PP-OUTPUT-DEBUG] send/recv plan: pp_rank=1 tp_rank=0 cp_rank=0 next_first_mb=0 next_mb=1 send_first=False is_last=True has_forward_output=False send_target_exists=True recv_target_exists=True last_queue_len=1
[2026-08-27 15:11:06 PP1 ATTN_CP0 TP0 EP0] [PP-OUTPUT-DEBUG] commit end: pp_rank=1 tp_rank=0 cp_rank=0 next_first_mb=0 next_mb=1 received_output=False d2h_event=<torch_npu.npu.Event 0xaaab41c020b8> new_send_work=0
[2026-08-27 15:11:06 PP1 ATTN_CP1 TP1 EP1] [PP-OUTPUT-DEBUG] commit begin: pp_rank=1 tp_rank=0 cp_rank=1 next_first_mb=0 next_mb=1 pending_send_work=0 has_pp_outputs=False
[2026-08-27 15:11:06 PP1 ATTN_CP1 TP1 EP1] [PP-OUTPUT-DEBUG] previous send committed: pp_rank=1 tp_rank=0 cp_rank=1 next_first_mb=0 next_mb=1
[2026-08-27 15:11:06 PP1 ATTN_CP1 TP1 EP1] [PP-OUTPUT-DEBUG] send/recv plan: pp_rank=1 tp_rank=0 cp_rank=1 next_first_mb=0 next_mb=1 send_first=False is_last=True has_forward_output=False send_target_exists=True recv_target_exists=True last_queue_len=1
[2026-08-27 15:11:06 PP1 ATTN_CP1 TP1 EP1] [PP-OUTPUT-DEBUG] commit end: pp_rank=1 tp_rank=0 cp_rank=1 next_first_mb=0 next_mb=1 received_output=False d2h_event=<torch_npu.npu.Event 0xaaab34532e18> new_send_work=0
[2026-08-27 15:11:06 PP1 ATTN_CP6 TP6 EP6] [PP-OUTPUT-DEBUG] commit begin: pp_rank=1 tp_rank=0 cp_rank=6 next_first_mb=0 next_mb=1 pending_send_work=0 has_pp_outputs=False
[2026-08-27 15:11:06 PP1 ATTN_CP6 TP6 EP6] [PP-OUTPUT-DEBUG] previous send committed: pp_rank=1 tp_rank=0 cp_rank=6 next_first_mb=0 next_mb=1
[2026-08-27 15:11:06 PP1 ATTN_CP6 TP6 EP6] [PP-OUTPUT-DEBUG] send/recv plan: pp_rank=1 tp_rank=0 cp_rank=6 next_first_mb=0 next_mb=1 send_first=False is_last=True has_forward_output=False send_target_exists=True recv_target_exists=True last_queue_len=1
[2026-08-27 15:11:06 PP1 ATTN_CP6 TP6 EP6] [PP-OUTPUT-DEBUG] commit end: pp_rank=1 tp_rank=0 cp_rank=6 next_first_mb=0 next_mb=1 received_output=False d2h_event=<torch_npu.npu.Event 0xaaab4afe38c8> new_send_work=0
[2026-08-27 15:11:06 PP1 ATTN_CP4 TP4 EP4] [PP-OUTPUT-DEBUG] commit begin: pp_rank=1 tp_rank=0 cp_rank=4 next_first_mb=0 next_mb=1 pending_send_work=0 has_pp_outputs=False
[2026-08-27 15:11:06 PP1 ATTN_CP4 TP4 EP4] [PP-OUTPUT-DEBUG] previous send committed: pp_rank=1 tp_rank=0 cp_rank=4 next_first_mb=0 next_mb=1
[2026-08-27 15:11:06 PP1 ATTN_CP4 TP4 EP4] [PP-OUTPUT-DEBUG] send/recv plan: pp_rank=1 tp_rank=0 cp_rank=4 next_first_mb=0 next_mb=1 send_first=False is_last=True has_forward_output=False send_target_exists=True recv_target_exists=True last_queue_len=1
[2026-08-27 15:11:06 PP1 ATTN_CP4 TP4 EP4] [PP-OUTPUT-DEBUG] commit end: pp_rank=1 tp_rank=0 cp_rank=4 next_first_mb=0 next_mb=1 received_output=False d2h_event=<torch_npu.npu.Event 0xaaab195b0de8> new_send_work=0
[2026-08-27 15:11:06 PP1 ATTN_CP3 TP3 EP3] [PP-OUTPUT-DEBUG] commit begin: pp_rank=1 tp_rank=0 cp_rank=3 next_first_mb=0 next_mb=1 pending_send_work=0 has_pp_outputs=False
[2026-08-27 15:11:06 PP1 ATTN_CP3 TP3 EP3] [PP-OUTPUT-DEBUG] previous send committed: pp_rank=1 tp_rank=0 cp_rank=3 next_first_mb=0 next_mb=1
[2026-08-27 15:11:06 PP1 ATTN_CP3 TP3 EP3] [PP-OUTPUT-DEBUG] send/recv plan: pp_rank=1 tp_rank=0 cp_rank=3 next_first_mb=0 next_mb=1 send_first=False is_last=True has_forward_output=False send_target_exists=True recv_target_exists=True last_queue_len=1
[2026-08-27 15:11:06 PP1 ATTN_CP3 TP3 EP3] [PP-OUTPUT-DEBUG] commit end: pp_rank=1 tp_rank=0 cp_rank=3 next_first_mb=0 next_mb=1 received_output=False d2h_event=<torch_npu.npu.Event 0xaaab1bb4f298> new_send_work=0
[2026-08-27 15:11:06 PP1 ATTN_CP2 TP2 EP2] [PP-OUTPUT-DEBUG] commit begin: pp_rank=1 tp_rank=0 cp_rank=2 next_first_mb=0 next_mb=1 pending_send_work=0 has_pp_outputs=False
[2026-08-27 15:11:06 PP1 ATTN_CP2 TP2 EP2] [PP-OUTPUT-DEBUG] previous send committed: pp_rank=1 tp_rank=0 cp_rank=2 next_first_mb=0 next_mb=1
[2026-08-27 15:11:06 PP1 ATTN_CP2 TP2 EP2] [PP-OUTPUT-DEBUG] send/recv plan: pp_rank=1 tp_rank=0 cp_rank=2 next_first_mb=0 next_mb=1 send_first=False is_last=True has_forward_output=False send_target_exists=True recv_target_exists=True last_queue_len=1
[2026-08-27 15:11:06 PP1 ATTN_CP2 TP2 EP2] [PP-OUTPUT-DEBUG] commit end: pp_rank=1 tp_rank=0 cp_rank=2 next_first_mb=0 next_mb=1 received_output=False d2h_event=<torch_npu.npu.Event 0xaaab02737358> new_send_work=0
[2026-08-27 15:11:07 PP1 ATTN_CP7 TP7 EP7] [PP-OUTPUT-DEBUG] commit begin: pp_rank=1 tp_rank=0 cp_rank=7 next_first_mb=0 next_mb=1 pending_send_work=0 has_pp_outputs=False
[2026-08-27 15:11:07 PP1 ATTN_CP7 TP7 EP7] [PP-OUTPUT-DEBUG] previous send committed: pp_rank=1 tp_rank=0 cp_rank=7 next_first_mb=0 next_mb=1
[2026-08-27 15:11:07 PP1 ATTN_CP7 TP7 EP7] [PP-OUTPUT-DEBUG] send/recv plan: pp_rank=1 tp_rank=0 cp_rank=7 next_first_mb=0 next_mb=1 send_first=False is_last=True has_forward_output=False send_target_exists=True recv_target_exists=True last_queue_len=1
[2026-08-27 15:11:07 PP1 ATTN_CP7 TP7 EP7] [PP-OUTPUT-DEBUG] commit end: pp_rank=1 tp_rank=0 cp_rank=7 next_first_mb=0 next_mb=1 received_output=False d2h_event=<torch_npu.npu.Event 0xaaab369ae878> new_send_work=0
[2026-08-27 15:11:07 PP1 ATTN_CP0 TP0 EP0] [PP-OUTPUT-DEBUG] d2h sync begin: pp_rank=1 tp_rank=0 cp_rank=0 mb_id=0 next_mb_id=1 event=<torch_npu.npu.Event 0xaaab41c020b8> event_ready=False schedule_stream=<torch_npu.npu.Stream device=npu:0 npu_stream=0xaaab37572a58> schedule_ready=True copy_stream=<torch_npu.npu.Stream device=npu:0 npu_stream=0xaaab3744e708> copy_ready=True pending_output_work=0
[2026-08-27 15:11:07 PP1 ATTN_CP0 TP0 EP0] [PP-OUTPUT-DEBUG] d2h sync end: pp_rank=1 tp_rank=0 cp_rank=0 mb_id=0 next_mb_id=1
[2026-08-27 15:11:07 PP1 ATTN_CP0 TP0 EP0] Prefill batch, #new-seq: 1, #new-token: 16384, #cached-token: 0, token usage: 0.20, #running-req: 0, #queue-req: 7, #pending-token: 534012, npu graph: False, input throughput (token/s): 35331.23
[2026-08-27 15:11:07 PP1 ATTN_CP5 TP5 EP5] [PP-OUTPUT-DEBUG] d2h sync begin: pp_rank=1 tp_rank=0 cp_rank=5 mb_id=0 next_mb_id=1 event=<torch_npu.npu.Event 0xaaab18a07c48> event_ready=False schedule_stream=<torch_npu.npu.Stream device=npu:5 npu_stream=0xaaab10df0518> schedule_ready=True copy_stream=<torch_npu.npu.Stream device=npu:5 npu_stream=0xaaab10ccc1c8> copy_ready=True pending_output_work=0
[2026-08-27 15:11:07 PP1 ATTN_CP4 TP4 EP4] [PP-OUTPUT-DEBUG] d2h sync begin: pp_rank=1 tp_rank=0 cp_rank=4 mb_id=0 next_mb_id=1 event=<torch_npu.npu.Event 0xaaab195b0de8> event_ready=False schedule_stream=<torch_npu.npu.Stream device=npu:4 npu_stream=0xaaab097b7ef8> schedule_ready=True copy_stream=<torch_npu.npu.Stream device=npu:4 npu_stream=0xaaab09693ba8> copy_ready=True pending_output_work=0
[2026-08-27 15:11:07 PP1 ATTN_CP1 TP1 EP1] [PP-OUTPUT-DEBUG] d2h sync begin: pp_rank=1 tp_rank=0 cp_rank=1 mb_id=0 next_mb_id=1 event=<torch_npu.npu.Event 0xaaab34532e18> event_ready=False schedule_stream=<torch_npu.npu.Stream device=npu:1 npu_stream=0xaaab2a8307d8> schedule_ready=True copy_stream=<torch_npu.npu.Stream device=npu:1 npu_stream=0xaaab2a70c488> copy_ready=True pending_output_work=0
[2026-08-27 15:11:07 PP1 ATTN_CP5 TP5 EP5] [PP-OUTPUT-DEBUG] d2h sync end: pp_rank=1 tp_rank=0 cp_rank=5 mb_id=0 next_mb_id=1
[2026-08-27 15:11:07 PP1 ATTN_CP4 TP4 EP4] [PP-OUTPUT-DEBUG] d2h sync end: pp_rank=1 tp_rank=0 cp_rank=4 mb_id=0 next_mb_id=1
[2026-08-27 15:11:07 PP1 ATTN_CP7 TP7 EP7] [PP-OUTPUT-DEBUG] d2h sync begin: pp_rank=1 tp_rank=0 cp_rank=7 mb_id=0 next_mb_id=1 event=<torch_npu.npu.Event 0xaaab369ae878> event_ready=False schedule_stream=<torch_npu.npu.Stream device=npu:7 npu_stream=0xaaab2da5ea88> schedule_ready=True copy_stream=<torch_npu.npu.Stream device=npu:7 npu_stream=0xaaab2d93a738> copy_ready=True pending_output_work=0
[2026-08-27 15:11:07 PP1 ATTN_CP2 TP2 EP2] [PP-OUTPUT-DEBUG] d2h sync begin: pp_rank=1 tp_rank=0 cp_rank=2 mb_id=0 next_mb_id=1 event=<torch_npu.npu.Event 0xaaab02737358> event_ready=False schedule_stream=<torch_npu.npu.Stream device=npu:2 npu_stream=0xaaaaf42b58b8> schedule_ready=True copy_stream=<torch_npu.npu.Stream device=npu:2 npu_stream=0xaaaaf4191568> copy_ready=True pending_output_work=0
[2026-08-27 15:11:07 PP1 ATTN_CP1 TP1 EP1] [PP-OUTPUT-DEBUG] d2h sync end: pp_rank=1 tp_rank=0 cp_rank=1 mb_id=0 next_mb_id=1
[2026-08-27 15:11:07 PP1 ATTN_CP7 TP7 EP7] [PP-OUTPUT-DEBUG] d2h sync end: pp_rank=1 tp_rank=0 cp_rank=7 mb_id=0 next_mb_id=1
[2026-08-27 15:11:07 PP1 ATTN_CP6 TP6 EP6] [PP-OUTPUT-DEBUG] d2h sync begin: pp_rank=1 tp_rank=0 cp_rank=6 mb_id=0 next_mb_id=1 event=<torch_npu.npu.Event 0xaaab4afe38c8> event_ready=False schedule_stream=<torch_npu.npu.Stream device=npu:6 npu_stream=0xaaab4379b3f8> schedule_ready=True copy_stream=<torch_npu.npu.Stream device=npu:6 npu_stream=0xaaab436770a8> copy_ready=True pending_output_work=0
[2026-08-27 15:11:07 PP1 ATTN_CP2 TP2 EP2] [PP-OUTPUT-DEBUG] d2h sync end: pp_rank=1 tp_rank=0 cp_rank=2 mb_id=0 next_mb_id=1
[2026-08-27 15:11:07 PP1 ATTN_CP6 TP6 EP6] [PP-OUTPUT-DEBUG] d2h sync end: pp_rank=1 tp_rank=0 cp_rank=6 mb_id=0 next_mb_id=1
[2026-08-27 15:11:07 PP1 ATTN_CP5 TP5 EP5] Prefill batch, #new-seq: 1, #new-token: 16384, #cached-token: 0, token usage: 0.20, #running-req: 0, #queue-req: 7, #pending-token: 534012, npu graph: False, input throughput (token/s): 35334.97
[2026-08-27 15:11:07 PP1 ATTN_CP1 TP1 EP1] Prefill batch, #new-seq: 1, #new-token: 16384, #cached-token: 0, token usage: 0.20, #running-req: 0, #queue-req: 7, #pending-token: 534012, npu graph: False, input throughput (token/s): 35446.27
[2026-08-27 15:11:07 PP1 ATTN_CP3 TP3 EP3] [PP-OUTPUT-DEBUG] d2h sync begin: pp_rank=1 tp_rank=0 cp_rank=3 mb_id=0 next_mb_id=1 event=<torch_npu.npu.Event 0xaaab1bb4f298> event_ready=False schedule_stream=<torch_npu.npu.Stream device=npu:3 npu_stream=0xaaab0eed71a8> schedule_ready=True copy_stream=<torch_npu.npu.Stream device=npu:3 npu_stream=0xaaab0edb2e58> copy_ready=True pending_output_work=0
[2026-08-27 15:11:07 PP1 ATTN_CP7 TP7 EP7] Prefill batch, #new-seq: 1, #new-token: 16384, #cached-token: 0, token usage: 0.20, #running-req: 0, #queue-req: 7, #pending-token: 534012, npu graph: False, input throughput (token/s): 35347.61
[2026-08-27 15:11:07 PP1 ATTN_CP4 TP4 EP4] Prefill batch, #new-seq: 1, #new-token: 16384, #cached-token: 0, token usage: 0.20, #running-req: 0, #queue-req: 7, #pending-token: 534012, npu graph: False, input throughput (token/s): 35344.90
[2026-08-27 15:11:07 PP1 ATTN_CP3 TP3 EP3] [PP-OUTPUT-DEBUG] d2h sync end: pp_rank=1 tp_rank=0 cp_rank=3 mb_id=0 next_mb_id=1
[2026-08-27 15:11:07 PP1 ATTN_CP2 TP2 EP2] Prefill batch, #new-seq: 1, #new-token: 16384, #cached-token: 0, token usage: 0.20, #running-req: 0, #queue-req: 7, #pending-token: 534012, npu graph: False, input throughput (token/s): 35328.56
[2026-08-27 15:11:07 PP1 ATTN_CP6 TP6 EP6] Prefill batch, #new-seq: 1, #new-token: 16384, #cached-token: 0, token usage: 0.20, #running-req: 0, #queue-req: 7, #pending-token: 534012, npu graph: False, input throughput (token/s): 35331.36
[2026-08-27 15:11:07 PP1 ATTN_CP3 TP3 EP3] Prefill batch, #new-seq: 1, #new-token: 16384, #cached-token: 0, token usage: 0.20, #running-req: 0, #queue-req: 7, #pending-token: 534012, npu graph: False, input throughput (token/s): 35309.00
[2026-08-27 15:11:07 PP1 ATTN_CP7 TP7 EP7] [PP-OUTPUT-DEBUG] synchronized skip decision differs from local batch: pp_rank=1 tp_rank=0 cp_rank=7 mb_id=1 synchronized_skip=True local_skip=False
[2026-08-27 15:11:07 PP1 ATTN_CP4 TP4 EP4] [PP-OUTPUT-DEBUG] synchronized skip decision differs from local batch: pp_rank=1 tp_rank=0 cp_rank=4 mb_id=1 synchronized_skip=True local_skip=False
[2026-08-27 15:11:07 PP1 ATTN_CP3 TP3 EP3] [PP-OUTPUT-DEBUG] synchronized skip decision differs from local batch: pp_rank=1 tp_rank=0 cp_rank=3 mb_id=1 synchronized_skip=True local_skip=False
[2026-08-27 15:11:07 PP1 ATTN_CP0 TP0 EP0] [PP-OUTPUT-DEBUG] synchronized skip decision differs from local batch: pp_rank=1 tp_rank=0 cp_rank=0 mb_id=1 synchronized_skip=True local_skip=False
[2026-08-27 15:11:07 PP1 ATTN_CP1 TP1 EP1] [PP-OUTPUT-DEBUG] synchronized skip decision differs from local batch: pp_rank=1 tp_rank=0 cp_rank=1 mb_id=1 synchronized_skip=True local_skip=False
[2026-08-27 15:11:07 PP1 ATTN_CP6 TP6 EP6] [PP-OUTPUT-DEBUG] synchronized skip decision differs from local batch: pp_rank=1 tp_rank=0 cp_rank=6 mb_id=1 synchronized_skip=True local_skip=False
[2026-08-27 15:11:07 PP1 ATTN_CP5 TP5 EP5] [PP-OUTPUT-DEBUG] synchronized skip decision differs from local batch: pp_rank=1 tp_rank=0 cp_rank=5 mb_id=1 synchronized_skip=True local_skip=False
[2026-08-27 15:11:07 PP1 ATTN_CP2 TP2 EP2] [PP-OUTPUT-DEBUG] synchronized skip decision differs from local batch: pp_rank=1 tp_rank=0 cp_rank=2 mb_id=1 synchronized_skip=True local_skip=False
[2026-08-27 15:11:07 PP1 ATTN_CP5 TP5 EP5] [PP-OUTPUT-DEBUG] commit begin: pp_rank=1 tp_rank=0 cp_rank=5 next_first_mb=1 next_mb=0 pending_send_work=0 has_pp_outputs=False
[2026-08-27 15:11:07 PP1 ATTN_CP5 TP5 EP5] [PP-OUTPUT-DEBUG] previous send committed: pp_rank=1 tp_rank=0 cp_rank=5 next_first_mb=1 next_mb=0
[2026-08-27 15:11:07 PP1 ATTN_CP5 TP5 EP5] [PP-OUTPUT-DEBUG] send/recv plan: pp_rank=1 tp_rank=0 cp_rank=5 next_first_mb=1 next_mb=0 send_first=False is_last=True has_forward_output=False send_target_exists=True recv_target_exists=True last_queue_len=1
[2026-08-27 15:11:07 PP1 ATTN_CP5 TP5 EP5] [PP-OUTPUT-DEBUG] commit end: pp_rank=1 tp_rank=0 cp_rank=5 next_first_mb=1 next_mb=0 received_output=False d2h_event=<torch_npu.npu.Event 0xaaab1a9586b8> new_send_work=0
[2026-08-27 15:11:07 PP1 ATTN_CP0 TP0 EP0] [PP-OUTPUT-DEBUG] commit begin: pp_rank=1 tp_rank=0 cp_rank=0 next_first_mb=1 next_mb=0 pending_send_work=0 has_pp_outputs=False
[2026-08-27 15:11:07 PP1 ATTN_CP0 TP0 EP0] [PP-OUTPUT-DEBUG] previous send committed: pp_rank=1 tp_rank=0 cp_rank=0 next_first_mb=1 next_mb=0
[2026-08-27 15:11:07 PP1 ATTN_CP0 TP0 EP0] [PP-OUTPUT-DEBUG] send/recv plan: pp_rank=1 tp_rank=0 cp_rank=0 next_first_mb=1 next_mb=0 send_first=False is_last=True has_forward_output=False send_target_exists=True recv_target_exists=True last_queue_len=1
[2026-08-27 15:11:07 PP1 ATTN_CP0 TP0 EP0] [PP-OUTPUT-DEBUG] commit end: pp_rank=1 tp_rank=0 cp_rank=0 next_first_mb=1 next_mb=0 received_output=False d2h_event=<torch_npu.npu.Event 0xaaab4231bdd8> new_send_work=0
[2026-08-27 15:11:07 PP1 ATTN_CP1 TP1 EP1] [PP-OUTPUT-DEBUG] commit begin: pp_rank=1 tp_rank=0 cp_rank=1 next_first_mb=1 next_mb=0 pending_send_work=0 has_pp_outputs=False
[2026-08-27 15:11:07 PP1 ATTN_CP1 TP1 EP1] [PP-OUTPUT-DEBUG] previous send committed: pp_rank=1 tp_rank=0 cp_rank=1 next_first_mb=1 next_mb=0
[2026-08-27 15:11:07 PP1 ATTN_CP1 TP1 EP1] [PP-OUTPUT-DEBUG] send/recv plan: pp_rank=1 tp_rank=0 cp_rank=1 next_first_mb=1 next_mb=0 send_first=False is_last=True has_forward_output=False send_target_exists=True recv_target_exists=True last_queue_len=1
[2026-08-27 15:11:07 PP1 ATTN_CP1 TP1 EP1] [PP-OUTPUT-DEBUG] commit end: pp_rank=1 tp_rank=0 cp_rank=1 next_first_mb=1 next_mb=0 received_output=False d2h_event=<torch_npu.npu.Event 0xaaab33e70338> new_send_work=0
[2026-08-27 15:11:07 PP1 ATTN_CP7 TP7 EP7] [PP-OUTPUT-DEBUG] commit begin: pp_rank=1 tp_rank=0 cp_rank=7 next_first_mb=1 next_mb=0 pending_send_work=0 has_pp_outputs=False
[2026-08-27 15:11:07 PP1 ATTN_CP7 TP7 EP7] [PP-OUTPUT-DEBUG] previous send committed: pp_rank=1 tp_rank=0 cp_rank=7 next_first_mb=1 next_mb=0
[2026-08-27 15:11:07 PP1 ATTN_CP7 TP7 EP7] [PP-OUTPUT-DEBUG] send/recv plan: pp_rank=1 tp_rank=0 cp_rank=7 next_first_mb=1 next_mb=0 send_first=False is_last=True has_forward_output=False send_target_exists=True recv_target_exists=True last_queue_len=1
[2026-08-27 15:11:07 PP1 ATTN_CP7 TP7 EP7] [PP-OUTPUT-DEBUG] commit end: pp_rank=1 tp_rank=0 cp_rank=7 next_first_mb=1 next_mb=0 received_output=False d2h_event=<torch_npu.npu.Event 0xaaab367e7448> new_send_work=0
[2026-08-27 15:11:07 PP1 ATTN_CP6 TP6 EP6] [PP-OUTPUT-DEBUG] commit begin: pp_rank=1 tp_rank=0 cp_rank=6 next_first_mb=1 next_mb=0 pending_send_work=0 has_pp_outputs=False
[2026-08-27 15:11:07 PP1 ATTN_CP6 TP6 EP6] [PP-OUTPUT-DEBUG] previous send committed: pp_rank=1 tp_rank=0 cp_rank=6 next_first_mb=1 next_mb=0
[2026-08-27 15:11:07 PP1 ATTN_CP6 TP6 EP6] [PP-OUTPUT-DEBUG] send/recv plan: pp_rank=1 tp_rank=0 cp_rank=6 next_first_mb=1 next_mb=0 send_first=False is_last=True has_forward_output=False send_target_exists=True recv_target_exists=True last_queue_len=1
[2026-08-27 15:11:07 PP1 ATTN_CP6 TP6 EP6] [PP-OUTPUT-DEBUG] commit end: pp_rank=1 tp_rank=0 cp_rank=6 next_first_mb=1 next_mb=0 received_output=False d2h_event=<torch_npu.npu.Event 0xaaab55f04f48> new_send_work=0
[2026-08-27 15:11:07 PP1 ATTN_CP4 TP4 EP4] [PP-OUTPUT-DEBUG] commit begin: pp_rank=1 tp_rank=0 cp_rank=4 next_first_mb=1 next_mb=0 pending_send_work=0 has_pp_outputs=False
[2026-08-27 15:11:07 PP1 ATTN_CP4 TP4 EP4] [PP-OUTPUT-DEBUG] previous send committed: pp_rank=1 tp_rank=0 cp_rank=4 next_first_mb=1 next_mb=0
[2026-08-27 15:11:07 PP1 ATTN_CP4 TP4 EP4] [PP-OUTPUT-DEBUG] send/recv plan: pp_rank=1 tp_rank=0 cp_rank=4 next_first_mb=1 next_mb=0 send_first=False is_last=True has_forward_output=False send_target_exists=True recv_target_exists=True last_queue_len=1
[2026-08-27 15:11:07 PP1 ATTN_CP4 TP4 EP4] [PP-OUTPUT-DEBUG] commit end: pp_rank=1 tp_rank=0 cp_rank=4 next_first_mb=1 next_mb=0 received_output=False d2h_event=<torch_npu.npu.Event 0xaaab140b6168> new_send_work=0
[2026-08-27 15:11:07 PP1 ATTN_CP3 TP3 EP3] [PP-OUTPUT-DEBUG] commit begin: pp_rank=1 tp_rank=0 cp_rank=3 next_first_mb=1 next_mb=0 pending_send_work=0 has_pp_outputs=False
[2026-08-27 15:11:07 PP1 ATTN_CP3 TP3 EP3] [PP-OUTPUT-DEBUG] previous send committed: pp_rank=1 tp_rank=0 cp_rank=3 next_first_mb=1 next_mb=0
[2026-08-27 15:11:07 PP1 ATTN_CP3 TP3 EP3] [PP-OUTPUT-DEBUG] send/recv plan: pp_rank=1 tp_rank=0 cp_rank=3 next_first_mb=1 next_mb=0 send_first=False is_last=True has_forward_output=False send_target_exists=True recv_target_exists=True last_queue_len=1
[2026-08-27 15:11:07 PP1 ATTN_CP3 TP3 EP3] [PP-OUTPUT-DEBUG] commit end: pp_rank=1 tp_rank=0 cp_rank=3 next_first_mb=1 next_mb=0 received_output=False d2h_event=<torch_npu.npu.Event 0xaaab189d3028> new_send_work=0
[2026-08-27 15:11:07 PP1 ATTN_CP2 TP2 EP2] [PP-OUTPUT-DEBUG] commit begin: pp_rank=1 tp_rank=0 cp_rank=2 next_first_mb=1 next_mb=0 pending_send_work=0 has_pp_outputs=False
[2026-08-27 15:11:07 PP1 ATTN_CP2 TP2 EP2] [PP-OUTPUT-DEBUG] previous send committed: pp_rank=1 tp_rank=0 cp_rank=2 next_first_mb=1 next_mb=0
[2026-08-27 15:11:07 PP1 ATTN_CP2 TP2 EP2] [PP-OUTPUT-DEBUG] send/recv plan: pp_rank=1 tp_rank=0 cp_rank=2 next_first_mb=1 next_mb=0 send_first=False is_last=True has_forward_output=False send_target_exists=True recv_target_exists=True last_queue_len=1
[2026-08-27 15:11:07 PP1 ATTN_CP2 TP2 EP2] [PP-OUTPUT-DEBUG] commit end: pp_rank=1 tp_rank=0 cp_rank=2 next_first_mb=1 next_mb=0 received_output=False d2h_event=<torch_npu.npu.Event 0xaaaafda665e8> new_send_work=0
[2026-08-27 15:11:07 PP1 ATTN_CP0 TP0 EP0] [PP-OUTPUT-DEBUG] d2h sync begin: pp_rank=1 tp_rank=0 cp_rank=0 mb_id=1 next_mb_id=0 event=<torch_npu.npu.Event 0xaaab4231bdd8> event_ready=False schedule_stream=<torch_npu.npu.Stream device=npu:0 npu_stream=0xaaab37572a58> schedule_ready=True copy_stream=<torch_npu.npu.Stream device=npu:0 npu_stream=0xaaab3744e708> copy_ready=True pending_output_work=0
[2026-08-27 15:11:07 PP1 ATTN_CP0 TP0 EP0] [PP-OUTPUT-DEBUG] d2h sync end: pp_rank=1 tp_rank=0 cp_rank=0 mb_id=1 next_mb_id=0
[2026-08-27 15:11:07 PP1 ATTN_CP0 TP0 EP0] Prefill batch, #new-seq: 1, #new-token: 16384, #cached-token: 0, token usage: 0.25, #running-req: 0, #queue-req: 8, #pending-token: 1100792, npu graph: False, input throughput (token/s): 34553.10
[2026-08-27 15:11:07 PP1 ATTN_CP1 TP1 EP1] [PP-OUTPUT-DEBUG] d2h sync begin: pp_rank=1 tp_rank=0 cp_rank=1 mb_id=1 next_mb_id=0 event=<torch_npu.npu.Event 0xaaab33e70338> event_ready=False schedule_stream=<torch_npu.npu.Stream device=npu:1 npu_stream=0xaaab2a8307d8> schedule_ready=True copy_stream=<torch_npu.npu.Stream device=npu:1 npu_stream=0xaaab2a70c488> copy_ready=True pending_output_work=0
[2026-08-27 15:11:07 PP1 ATTN_CP4 TP4 EP4] [PP-OUTPUT-DEBUG] d2h sync begin: pp_rank=1 tp_rank=0 cp_rank=4 mb_id=1 next_mb_id=0 event=<torch_npu.npu.Event 0xaaab140b6168> event_ready=False schedule_stream=<torch_npu.npu.Stream device=npu:4 npu_stream=0xaaab097b7ef8> schedule_ready=True copy_stream=<torch_npu.npu.Stream device=npu:4 npu_stream=0xaaab09693ba8> copy_ready=True pending_output_work=0
[2026-08-27 15:11:07 PP1 ATTN_CP7 TP7 EP7] [PP-OUTPUT-DEBUG] d2h sync begin: pp_rank=1 tp_rank=0 cp_rank=7 mb_id=1 next_mb_id=0 event=<torch_npu.npu.Event 0xaaab367e7448> event_ready=False schedule_stream=<torch_npu.npu.Stream device=npu:7 npu_stream=0xaaab2da5ea88> schedule_ready=True copy_stream=<torch_npu.npu.Stream device=npu:7 npu_stream=0xaaab2d93a738> copy_ready=True pending_output_work=0
[2026-08-27 15:11:07 PP1 ATTN_CP1 TP1 EP1] [PP-OUTPUT-DEBUG] d2h sync end: pp_rank=1 tp_rank=0 cp_rank=1 mb_id=1 next_mb_id=0
[2026-08-27 15:11:07 PP1 ATTN_CP5 TP5 EP5] [PP-OUTPUT-DEBUG] d2h sync begin: pp_rank=1 tp_rank=0 cp_rank=5 mb_id=1 next_mb_id=0 event=<torch_npu.npu.Event 0xaaab1a9586b8> event_ready=False schedule_stream=<torch_npu.npu.Stream device=npu:5 npu_stream=0xaaab10df0518> schedule_ready=True copy_stream=<torch_npu.npu.Stream device=npu:5 npu_stream=0xaaab10ccc1c8> copy_ready=True pending_output_work=0
[2026-08-27 15:11:07 PP1 ATTN_CP4 TP4 EP4] [PP-OUTPUT-DEBUG] d2h sync end: pp_rank=1 tp_rank=0 cp_rank=4 mb_id=1 next_mb_id=0
[2026-08-27 15:11:07 PP1 ATTN_CP3 TP3 EP3] [PP-OUTPUT-DEBUG] d2h sync begin: pp_rank=1 tp_rank=0 cp_rank=3 mb_id=1 next_mb_id=0 event=<torch_npu.npu.Event 0xaaab189d3028> event_ready=False schedule_stream=<torch_npu.npu.Stream device=npu:3 npu_stream=0xaaab0eed71a8> schedule_ready=True copy_stream=<torch_npu.npu.Stream device=npu:3 npu_stream=0xaaab0edb2e58> copy_ready=True pending_output_work=0
[2026-08-27 15:11:07 PP1 ATTN_CP7 TP7 EP7] [PP-OUTPUT-DEBUG] d2h sync end: pp_rank=1 tp_rank=0 cp_rank=7 mb_id=1 next_mb_id=0
[2026-08-27 15:11:07 PP1 ATTN_CP5 TP5 EP5] [PP-OUTPUT-DEBUG] d2h sync end: pp_rank=1 tp_rank=0 cp_rank=5 mb_id=1 next_mb_id=0
[2026-08-27 15:11:07 PP1 ATTN_CP6 TP6 EP6] [PP-OUTPUT-DEBUG] d2h sync begin: pp_rank=1 tp_rank=0 cp_rank=6 mb_id=1 next_mb_id=0 event=<torch_npu.npu.Event 0xaaab55f04f48> event_ready=False schedule_stream=<torch_npu.npu.Stream device=npu:6 npu_stream=0xaaab4379b3f8> schedule_ready=True copy_stream=<torch_npu.npu.Stream device=npu:6 npu_stream=0xaaab436770a8> copy_ready=True pending_output_work=0
[2026-08-27 15:11:07 PP1 ATTN_CP3 TP3 EP3] [PP-OUTPUT-DEBUG] d2h sync end: pp_rank=1 tp_rank=0 cp_rank=3 mb_id=1 next_mb_id=0
[2026-08-27 15:11:07 PP1 ATTN_CP6 TP6 EP6] [PP-OUTPUT-DEBUG] d2h sync end: pp_rank=1 tp_rank=0 cp_rank=6 mb_id=1 next_mb_id=0
[2026-08-27 15:11:07 PP1 ATTN_CP1 TP1 EP1] Prefill batch, #new-seq: 1, #new-token: 16384, #cached-token: 0, token usage: 0.25, #running-req: 0, #queue-req: 8, #pending-token: 1100792, npu graph: False, input throughput (token/s): 34549.90
[2026-08-27 15:11:07 PP1 ATTN_CP5 TP5 EP5] Prefill batch, #new-seq: 1, #new-token: 16384, #cached-token: 0, token usage: 0.25, #running-req: 0, #queue-req: 8, #pending-token: 1100792, npu graph: False, input throughput (token/s): 34542.66
[2026-08-27 15:11:07 PP1 ATTN_CP7 TP7 EP7] Prefill batch, #new-seq: 1, #new-token: 16384, #cached-token: 0, token usage: 0.25, #running-req: 0, #queue-req: 8, #pending-token: 1100792, npu graph: False, input throughput (token/s): 34549.87
[2026-08-27 15:11:07 PP1 ATTN_CP4 TP4 EP4] Prefill batch, #new-seq: 1, #new-token: 16384, #cached-token: 0, token usage: 0.25, #running-req: 0, #queue-req: 8, #pending-token: 1100792, npu graph: False, input throughput (token/s): 34546.50
[2026-08-27 15:11:07 PP1 ATTN_CP3 TP3 EP3] Prefill batch, #new-seq: 1, #new-token: 16384, #cached-token: 0, token usage: 0.25, #running-req: 0, #queue-req: 8, #pending-token: 1100792, npu graph: False, input throughput (token/s): 34569.16
[2026-08-27 15:11:07 PP1 ATTN_CP6 TP6 EP6] Prefill batch, #new-seq: 1, #new-token: 16384, #cached-token: 0, token usage: 0.25, #running-req: 0, #queue-req: 8, #pending-token: 1100792, npu graph: False, input throughput (token/s): 34548.79
[2026-08-27 15:11:07 PP1 ATTN_CP2 TP2 EP2] [PP-OUTPUT-DEBUG] d2h sync begin: pp_rank=1 tp_rank=0 cp_rank=2 mb_id=1 next_mb_id=0 event=<torch_npu.npu.Event 0xaaaafda665e8> event_ready=False schedule_stream=<torch_npu.npu.Stream device=npu:2 npu_stream=0xaaaaf42b58b8> schedule_ready=True copy_stream=<torch_npu.npu.Stream device=npu:2 npu_stream=0xaaaaf4191568> copy_ready=True pending_output_work=0
[2026-08-27 15:11:07 PP1 ATTN_CP2 TP2 EP2] [PP-OUTPUT-DEBUG] d2h sync end: pp_rank=1 tp_rank=0 cp_rank=2 mb_id=1 next_mb_id=0
[2026-08-27 15:11:07 PP1 ATTN_CP2 TP2 EP2] Prefill batch, #new-seq: 1, #new-token: 16384, #cached-token: 0, token usage: 0.25, #running-req: 0, #queue-req: 8, #pending-token: 1100792, npu graph: False, input throughput (token/s): 34475.30
[2026-08-27 15:11:07 PP1 ATTN_CP0 TP0 EP0] [PP-OUTPUT-DEBUG] synchronized skip decision differs from local batch: pp_rank=1 tp_rank=0 cp_rank=0 mb_id=0 synchronized_skip=True local_skip=False
[2026-08-27 15:11:07 PP1 ATTN_CP1 TP1 EP1] [PP-OUTPUT-DEBUG] synchronized skip decision differs from local batch: pp_rank=1 tp_rank=0 cp_rank=1 mb_id=0 synchronized_skip=True local_skip=False
[2026-08-27 15:11:07 PP1 ATTN_CP7 TP7 EP7] [PP-OUTPUT-DEBUG] synchronized skip decision differs from local batch: pp_rank=1 tp_rank=0 cp_rank=7 mb_id=0 synchronized_skip=True local_skip=False
[2026-08-27 15:11:07 PP1 ATTN_CP5 TP5 EP5] [PP-OUTPUT-DEBUG] synchronized skip decision differs from local batch: pp_rank=1 tp_rank=0 cp_rank=5 mb_id=0 synchronized_skip=True local_skip=False
[2026-08-27 15:11:07 PP1 ATTN_CP6 TP6 EP6] [PP-OUTPUT-DEBUG] synchronized skip decision differs from local batch: pp_rank=1 tp_rank=0 cp_rank=6 mb_id=0 synchronized_skip=True local_skip=False
[2026-08-27 15:11:07 PP1 ATTN_CP2 TP2 EP2] [PP-OUTPUT-DEBUG] synchronized skip decision differs from local batch: pp_rank=1 tp_rank=0 cp_rank=2 mb_id=0 synchronized_skip=True local_skip=False
[2026-08-27 15:11:07 PP1 ATTN_CP3 TP3 EP3] [PP-OUTPUT-DEBUG] synchronized skip decision differs from local batch: pp_rank=1 tp_rank=0 cp_rank=3 mb_id=0 synchronized_skip=True local_skip=False
[2026-08-27 15:11:07 PP1 ATTN_CP4 TP4 EP4] [PP-OUTPUT-DEBUG] synchronized skip decision differs from local batch: pp_rank=1 tp_rank=0 cp_rank=4 mb_id=0 synchronized_skip=True local_skip=False
[2026-08-27 15:11:07 PP1 ATTN_CP5 TP5 EP5] [PP-OUTPUT-DEBUG] commit begin: pp_rank=1 tp_rank=0 cp_rank=5 next_first_mb=0 next_mb=1 pending_send_work=0 has_pp_outputs=False
[2026-08-27 15:11:07 PP1 ATTN_CP5 TP5 EP5] [PP-OUTPUT-DEBUG] previous send committed: pp_rank=1 tp_rank=0 cp_rank=5 next_first_mb=0 next_mb=1
[2026-08-27 15:11:07 PP1 ATTN_CP5 TP5 EP5] [PP-OUTPUT-DEBUG] send/recv plan: pp_rank=1 tp_rank=0 cp_rank=5 next_first_mb=0 next_mb=1 send_first=False is_last=True has_forward_output=False send_target_exists=True recv_target_exists=True last_queue_len=1
[2026-08-27 15:11:07 PP1 ATTN_CP5 TP5 EP5] [PP-OUTPUT-DEBUG] commit end: pp_rank=1 tp_rank=0 cp_rank=5 next_first_mb=0 next_mb=1 received_output=False d2h_event=<torch_npu.npu.Event 0xaaab1dfacbd8> new_send_work=0
[2026-08-27 15:11:07 PP1 ATTN_CP0 TP0 EP0] [PP-OUTPUT-DEBUG] commit begin: pp_rank=1 tp_rank=0 cp_rank=0 next_first_mb=0 next_mb=1 pending_send_work=0 has_pp_outputs=False
[2026-08-27 15:11:07 PP1 ATTN_CP0 TP0 EP0] [PP-OUTPUT-DEBUG] previous send committed: pp_rank=1 tp_rank=0 cp_rank=0 next_first_mb=0 next_mb=1
[2026-08-27 15:11:07 PP1 ATTN_CP0 TP0 EP0] [PP-OUTPUT-DEBUG] send/recv plan: pp_rank=1 tp_rank=0 cp_rank=0 next_first_mb=0 next_mb=1 send_first=False is_last=True has_forward_output=False send_target_exists=True recv_target_exists=True last_queue_len=1
[2026-08-27 15:11:07 PP1 ATTN_CP0 TP0 EP0] [PP-OUTPUT-DEBUG] commit end: pp_rank=1 tp_rank=0 cp_rank=0 next_first_mb=0 next_mb=1 received_output=False d2h_event=<torch_npu.npu.Event 0xaaab40d4f328> new_send_work=0
[2026-08-27 15:11:07 PP1 ATTN_CP1 TP1 EP1] [PP-OUTPUT-DEBUG] commit begin: pp_rank=1 tp_rank=0 cp_rank=1 next_first_mb=0 next_mb=1 pending_send_work=0 has_pp_outputs=False
[2026-08-27 15:11:07 PP1 ATTN_CP1 TP1 EP1] [PP-OUTPUT-DEBUG] previous send committed: pp_rank=1 tp_rank=0 cp_rank=1 next_first_mb=0 next_mb=1
[2026-08-27 15:11:07 PP1 ATTN_CP1 TP1 EP1] [PP-OUTPUT-DEBUG] send/recv plan: pp_rank=1 tp_rank=0 cp_rank=1 next_first_mb=0 next_mb=1 send_first=False is_last=True has_forward_output=False send_target_exists=True recv_target_exists=True last_queue_len=1
[2026-08-27 15:11:07 PP1 ATTN_CP1 TP1 EP1] [PP-OUTPUT-DEBUG] commit end: pp_rank=1 tp_rank=0 cp_rank=1 next_first_mb=0 next_mb=1 received_output=False d2h_event=<torch_npu.npu.Event 0xaaab3249d928> new_send_work=0
[2026-08-27 15:11:07 PP1 ATTN_CP7 TP7 EP7] [PP-OUTPUT-DEBUG] commit begin: pp_rank=1 tp_rank=0 cp_rank=7 next_first_mb=0 next_mb=1 pending_send_work=0 has_pp_outputs=False
[2026-08-27 15:11:07 PP1 ATTN_CP7 TP7 EP7] [PP-OUTPUT-DEBUG] previous send committed: pp_rank=1 tp_rank=0 cp_rank=7 next_first_mb=0 next_mb=1
[2026-08-27 15:11:07 PP1 ATTN_CP7 TP7 EP7] [PP-OUTPUT-DEBUG] send/recv plan: pp_rank=1 tp_rank=0 cp_rank=7 next_first_mb=0 next_mb=1 send_first=False is_last=True has_forward_output=False send_target_exists=True recv_target_exists=True last_queue_len=1
[2026-08-27 15:11:07 PP1 ATTN_CP7 TP7 EP7] [PP-OUTPUT-DEBUG] commit end: pp_rank=1 tp_rank=0 cp_rank=7 next_first_mb=0 next_mb=1 received_output=False d2h_event=<torch_npu.npu.Event 0xaaab3d0a4718> new_send_work=0
[2026-08-27 15:11:07 PP1 ATTN_CP6 TP6 EP6] [PP-OUTPUT-DEBUG] commit begin: pp_rank=1 tp_rank=0 cp_rank=6 next_first_mb=0 next_mb=1 pending_send_work=0 has_pp_outputs=False
[2026-08-27 15:11:07 PP1 ATTN_CP6 TP6 EP6] [PP-OUTPUT-DEBUG] previous send committed: pp_rank=1 tp_rank=0 cp_rank=6 next_first_mb=0 next_mb=1
[2026-08-27 15:11:07 PP1 ATTN_CP6 TP6 EP6] [PP-OUTPUT-DEBUG] send/recv plan: pp_rank=1 tp_rank=0 cp_rank=6 next_first_mb=0 next_mb=1 send_first=False is_last=True has_forward_output=False send_target_exists=True recv_target_exists=True last_queue_len=1
[2026-08-27 15:11:07 PP1 ATTN_CP6 TP6 EP6] [PP-OUTPUT-DEBUG] commit end: pp_rank=1 tp_rank=0 cp_rank=6 next_first_mb=0 next_mb=1 received_output=False d2h_event=<torch_npu.npu.Event 0xaaab5108b9e8> new_send_work=0
[2026-08-27 15:11:07 PP1 ATTN_CP4 TP4 EP4] [PP-OUTPUT-DEBUG] commit begin: pp_rank=1 tp_rank=0 cp_rank=4 next_first_mb=0 next_mb=1 pending_send_work=0 has_pp_outputs=False
[2026-08-27 15:11:07 PP1 ATTN_CP4 TP4 EP4] [PP-OUTPUT-DEBUG] previous send committed: pp_rank=1 tp_rank=0 cp_rank=4 next_first_mb=0 next_mb=1
[2026-08-27 15:11:07 PP1 ATTN_CP4 TP4 EP4] [PP-OUTPUT-DEBUG] send/recv plan: pp_rank=1 tp_rank=0 cp_rank=4 next_first_mb=0 next_mb=1 send_first=False is_last=True has_forward_output=False send_target_exists=True recv_target_exists=True last_queue_len=1
[2026-08-27 15:11:07 PP1 ATTN_CP4 TP4 EP4] [PP-OUTPUT-DEBUG] commit end: pp_rank=1 tp_rank=0 cp_rank=4 next_first_mb=0 next_mb=1 received_output=False d2h_event=<torch_npu.npu.Event 0xaaab0fb949e8> new_send_work=0
[2026-08-27 15:11:07 PP1 ATTN_CP3 TP3 EP3] [PP-OUTPUT-DEBUG] commit begin: pp_rank=1 tp_rank=0 cp_rank=3 next_first_mb=0 next_mb=1 pending_send_work=0 has_pp_outputs=False
[2026-08-27 15:11:07 PP1 ATTN_CP3 TP3 EP3] [PP-OUTPUT-DEBUG] previous send committed: pp_rank=1 tp_rank=0 cp_rank=3 next_first_mb=0 next_mb=1
[2026-08-27 15:11:07 PP1 ATTN_CP3 TP3 EP3] [PP-OUTPUT-DEBUG] send/recv plan: pp_rank=1 tp_rank=0 cp_rank=3 next_first_mb=0 next_mb=1 send_first=False is_last=True has_forward_output=False send_target_exists=True recv_target_exists=True last_queue_len=1
[2026-08-27 15:11:07 PP1 ATTN_CP3 TP3 EP3] [PP-OUTPUT-DEBUG] commit end: pp_rank=1 tp_rank=0 cp_rank=3 next_first_mb=0 next_mb=1 received_output=False d2h_event=<torch_npu.npu.Event 0xaaab1bf58138> new_send_work=0
[2026-08-27 15:11:07 PP1 ATTN_CP2 TP2 EP2] [PP-OUTPUT-DEBUG] commit begin: pp_rank=1 tp_rank=0 cp_rank=2 next_first_mb=0 next_mb=1 pending_send_work=0 has_pp_outputs=False
[2026-08-27 15:11:07 PP1 ATTN_CP2 TP2 EP2] [PP-OUTPUT-DEBUG] previous send committed: pp_rank=1 tp_rank=0 cp_rank=2 next_first_mb=0 next_mb=1
[2026-08-27 15:11:07 PP1 ATTN_CP2 TP2 EP2] [PP-OUTPUT-DEBUG] send/recv plan: pp_rank=1 tp_rank=0 cp_rank=2 next_first_mb=0 next_mb=1 send_first=False is_last=True has_forward_output=False send_target_exists=True recv_target_exists=True last_queue_len=1
[2026-08-27 15:11:07 PP1 ATTN_CP2 TP2 EP2] [PP-OUTPUT-DEBUG] commit end: pp_rank=1 tp_rank=0 cp_rank=2 next_first_mb=0 next_mb=1 received_output=False d2h_event=<torch_npu.npu.Event 0xaaab0807ee38> new_send_work=0
[2026-08-27 15:11:07 PP1 ATTN_CP0 TP0 EP0] [PP-OUTPUT-DEBUG] d2h sync begin: pp_rank=1 tp_rank=0 cp_rank=0 mb_id=0 next_mb_id=1 event=<torch_npu.npu.Event 0xaaab40d4f328> event_ready=False schedule_stream=<torch_npu.npu.Stream device=npu:0 npu_stream=0xaaab37572a58> schedule_ready=True copy_stream=<torch_npu.npu.Stream device=npu:0 npu_stream=0xaaab3744e708> copy_ready=True pending_output_work=0
[2026-08-27 15:11:07 PP1 ATTN_CP0 TP0 EP0] [PP-OUTPUT-DEBUG] d2h sync end: pp_rank=1 tp_rank=0 cp_rank=0 mb_id=0 next_mb_id=1
[2026-08-27 15:11:07 PP1 ATTN_CP0 TP0 EP0] Prefill batch, #new-seq: 1, #new-token: 16384, #cached-token: 0, token usage: 0.30, #running-req: 0, #queue-req: 9, #pending-token: 1230199, npu graph: False, input throughput (token/s): 34002.26
[2026-08-27 15:11:07 PP1 ATTN_CP1 TP1 EP1] [PP-OUTPUT-DEBUG] d2h sync begin: pp_rank=1 tp_rank=0 cp_rank=1 mb_id=0 next_mb_id=1 event=<torch_npu.npu.Event 0xaaab3249d928> event_ready=False schedule_stream=<torch_npu.npu.Stream device=npu:1 npu_stream=0xaaab2a8307d8> schedule_ready=True copy_stream=<torch_npu.npu.Stream device=npu:1 npu_stream=0xaaab2a70c488> copy_ready=True pending_output_work=0
[2026-08-27 15:11:07 PP1 ATTN_CP1 TP1 EP1] [PP-OUTPUT-DEBUG] d2h sync end: pp_rank=1 tp_rank=0 cp_rank=1 mb_id=0 next_mb_id=1
[2026-08-27 15:11:07 PP1 ATTN_CP5 TP5 EP5] [PP-OUTPUT-DEBUG] d2h sync begin: pp_rank=1 tp_rank=0 cp_rank=5 mb_id=0 next_mb_id=1 event=<torch_npu.npu.Event 0xaaab1dfacbd8> event_ready=False schedule_stream=<torch_npu.npu.Stream device=npu:5 npu_stream=0xaaab10df0518> schedule_ready=True copy_stream=<torch_npu.npu.Stream device=npu:5 npu_stream=0xaaab10ccc1c8> copy_ready=True pending_output_work=0
[2026-08-27 15:11:07 PP1 ATTN_CP5 TP5 EP5] [PP-OUTPUT-DEBUG] d2h sync end: pp_rank=1 tp_rank=0 cp_rank=5 mb_id=0 next_mb_id=1
[2026-08-27 15:11:07 PP1 ATTN_CP4 TP4 EP4] [PP-OUTPUT-DEBUG] d2h sync begin: pp_rank=1 tp_rank=0 cp_rank=4 mb_id=0 next_mb_id=1 event=<torch_npu.npu.Event 0xaaab0fb949e8> event_ready=False schedule_stream=<torch_npu.npu.Stream device=npu:4 npu_stream=0xaaab097b7ef8> schedule_ready=True copy_stream=<torch_npu.npu.Stream device=npu:4 npu_stream=0xaaab09693ba8> copy_ready=True pending_output_work=0
[2026-08-27 15:11:07 PP1 ATTN_CP7 TP7 EP7] [PP-OUTPUT-DEBUG] d2h sync begin: pp_rank=1 tp_rank=0 cp_rank=7 mb_id=0 next_mb_id=1 event=<torch_npu.npu.Event 0xaaab3d0a4718> event_ready=False schedule_stream=<torch_npu.npu.Stream device=npu:7 npu_stream=0xaaab2da5ea88> schedule_ready=True copy_stream=<torch_npu.npu.Stream device=npu:7 npu_stream=0xaaab2d93a738> copy_ready=True pending_output_work=0
[2026-08-27 15:11:07 PP1 ATTN_CP3 TP3 EP3] [PP-OUTPUT-DEBUG] d2h sync begin: pp_rank=1 tp_rank=0 cp_rank=3 mb_id=0 next_mb_id=1 event=<torch_npu.npu.Event 0xaaab1bf58138> event_ready=False schedule_stream=<torch_npu.npu.Stream device=npu:3 npu_stream=0xaaab0eed71a8> schedule_ready=True copy_stream=<torch_npu.npu.Stream device=npu:3 npu_stream=0xaaab0edb2e58> copy_ready=True pending_output_work=0
[2026-08-27 15:11:07 PP1 ATTN_CP7 TP7 EP7] [PP-OUTPUT-DEBUG] d2h sync end: pp_rank=1 tp_rank=0 cp_rank=7 mb_id=0 next_mb_id=1
[2026-08-27 15:11:07 PP1 ATTN_CP6 TP6 EP6] [PP-OUTPUT-DEBUG] d2h sync begin: pp_rank=1 tp_rank=0 cp_rank=6 mb_id=0 next_mb_id=1 event=<torch_npu.npu.Event 0xaaab5108b9e8> event_ready=False schedule_stream=<torch_npu.npu.Stream device=npu:6 npu_stream=0xaaab4379b3f8> schedule_ready=True copy_stream=<torch_npu.npu.Stream device=npu:6 npu_stream=0xaaab436770a8> copy_ready=True pending_output_work=0
[2026-08-27 15:11:07 PP1 ATTN_CP4 TP4 EP4] [PP-OUTPUT-DEBUG] d2h sync end: pp_rank=1 tp_rank=0 cp_rank=4 mb_id=0 next_mb_id=1
[2026-08-27 15:11:07 PP1 ATTN_CP3 TP3 EP3] [PP-OUTPUT-DEBUG] d2h sync end: pp_rank=1 tp_rank=0 cp_rank=3 mb_id=0 next_mb_id=1
[2026-08-27 15:11:07 PP1 ATTN_CP1 TP1 EP1] Prefill batch, #new-seq: 1, #new-token: 16384, #cached-token: 0, token usage: 0.30, #running-req: 0, #queue-req: 9, #pending-token: 1230199, npu graph: False, input throughput (token/s): 34015.29
[2026-08-27 15:11:07 PP1 ATTN_CP6 TP6 EP6] [PP-OUTPUT-DEBUG] d2h sync end: pp_rank=1 tp_rank=0 cp_rank=6 mb_id=0 next_mb_id=1
[2026-08-27 15:11:07 PP1 ATTN_CP2 TP2 EP2] [PP-OUTPUT-DEBUG] d2h sync begin: pp_rank=1 tp_rank=0 cp_rank=2 mb_id=0 next_mb_id=1 event=<torch_npu.npu.Event 0xaaab0807ee38> event_ready=False schedule_stream=<torch_npu.npu.Stream device=npu:2 npu_stream=0xaaaaf42b58b8> schedule_ready=True copy_stream=<torch_npu.npu.Stream device=npu:2 npu_stream=0xaaaaf4191568> copy_ready=True pending_output_work=0
[2026-08-27 15:11:07 PP1 ATTN_CP2 TP2 EP2] [PP-OUTPUT-DEBUG] d2h sync end: pp_rank=1 tp_rank=0 cp_rank=2 mb_id=0 next_mb_id=1
[2026-08-27 15:11:07 PP1 ATTN_CP5 TP5 EP5] Prefill batch, #new-seq: 1, #new-token: 16384, #cached-token: 0, token usage: 0.30, #running-req: 0, #queue-req: 9, #pending-token: 1230199, npu graph: False, input throughput (token/s): 34009.90
[2026-08-27 15:11:07 PP1 ATTN_CP7 TP7 EP7] Prefill batch, #new-seq: 1, #new-token: 16384, #cached-token: 0, token usage: 0.30, #running-req: 0, #queue-req: 9, #pending-token: 1230199, npu graph: False, input throughput (token/s): 34003.54
[2026-08-27 15:11:07 PP1 ATTN_CP3 TP3 EP3] Prefill batch, #new-seq: 1, #new-token: 16384, #cached-token: 0, token usage: 0.30, #running-req: 0, #queue-req: 9, #pending-token: 1230199, npu graph: False, input throughput (token/s): 34007.69
[2026-08-27 15:11:07 PP1 ATTN_CP4 TP4 EP4] Prefill batch, #new-seq: 1, #new-token: 16384, #cached-token: 0, token usage: 0.30, #running-req: 0, #queue-req: 9, #pending-token: 1230199, npu graph: False, input throughput (token/s): 33999.69
[2026-08-27 15:11:07 PP1 ATTN_CP6 TP6 EP6] Prefill batch, #new-seq: 1, #new-token: 16384, #cached-token: 0, token usage: 0.30, #running-req: 0, #queue-req: 9, #pending-token: 1230199, npu graph: False, input throughput (token/s): 34003.60
[2026-08-27 15:11:07 PP1 ATTN_CP2 TP2 EP2] Prefill batch, #new-seq: 1, #new-token: 16384, #cached-token: 0, token usage: 0.30, #running-req: 0, #queue-req: 9, #pending-token: 1230199, npu graph: False, input throughput (token/s): 34062.42
[2026-08-27 15:11:08 PP1 ATTN_CP7 TP7 EP7] [PP-OUTPUT-DEBUG] synchronized skip decision differs from local batch: pp_rank=1 tp_rank=0 cp_rank=7 mb_id=1 synchronized_skip=True local_skip=False
[2026-08-27 15:11:08 PP1 ATTN_CP5 TP5 EP5] [PP-OUTPUT-DEBUG] synchronized skip decision differs from local batch: pp_rank=1 tp_rank=0 cp_rank=5 mb_id=1 synchronized_skip=True local_skip=False
[2026-08-27 15:11:08 PP1 ATTN_CP4 TP4 EP4] [PP-OUTPUT-DEBUG] synchronized skip decision differs from local batch: pp_rank=1 tp_rank=0 cp_rank=4 mb_id=1 synchronized_skip=True local_skip=False
[2026-08-27 15:11:08 PP1 ATTN_CP1 TP1 EP1] [PP-OUTPUT-DEBUG] synchronized skip decision differs from local batch: pp_rank=1 tp_rank=0 cp_rank=1 mb_id=1 synchronized_skip=True local_skip=False
[2026-08-27 15:11:08 PP1 ATTN_CP3 TP3 EP3] [PP-OUTPUT-DEBUG] synchronized skip decision differs from local batch: pp_rank=1 tp_rank=0 cp_rank=3 mb_id=1 synchronized_skip=True local_skip=False
[2026-08-27 15:11:08 PP1 ATTN_CP0 TP0 EP0] [PP-OUTPUT-DEBUG] synchronized skip decision differs from local batch: pp_rank=1 tp_rank=0 cp_rank=0 mb_id=1 synchronized_skip=True local_skip=False
[2026-08-27 15:11:08 PP1 ATTN_CP6 TP6 EP6] [PP-OUTPUT-DEBUG] synchronized skip decision differs from local batch: pp_rank=1 tp_rank=0 cp_rank=6 mb_id=1 synchronized_skip=True local_skip=False
[2026-08-27 15:11:08 PP1 ATTN_CP2 TP2 EP2] [PP-OUTPUT-DEBUG] synchronized skip decision differs from local batch: pp_rank=1 tp_rank=0 cp_rank=2 mb_id=1 synchronized_skip=True local_skip=False
[2026-08-27 15:11:08 PP1 ATTN_CP5 TP5 EP5] [PP-OUTPUT-DEBUG] commit begin: pp_rank=1 tp_rank=0 cp_rank=5 next_first_mb=1 next_mb=0 pending_send_work=0 has_pp_outputs=False
[2026-08-27 15:11:08 PP1 ATTN_CP5 TP5 EP5] [PP-OUTPUT-DEBUG] previous send committed: pp_rank=1 tp_rank=0 cp_rank=5 next_first_mb=1 next_mb=0
[2026-08-27 15:11:08 PP1 ATTN_CP5 TP5 EP5] [PP-OUTPUT-DEBUG] send/recv plan: pp_rank=1 tp_rank=0 cp_rank=5 next_first_mb=1 next_mb=0 send_first=False is_last=True has_forward_output=False send_target_exists=True recv_target_exists=True last_queue_len=1
[2026-08-27 15:11:08 PP1 ATTN_CP5 TP5 EP5] [PP-OUTPUT-DEBUG] commit end: pp_rank=1 tp_rank=0 cp_rank=5 next_first_mb=1 next_mb=0 received_output=False d2h_event=<torch_npu.npu.Event 0xaaab20a58228> new_send_work=0
[2026-08-27 15:11:08 PP1 ATTN_CP1 TP1 EP1] [PP-OUTPUT-DEBUG] commit begin: pp_rank=1 tp_rank=0 cp_rank=1 next_first_mb=1 next_mb=0 pending_send_work=0 has_pp_outputs=False
[2026-08-27 15:11:08 PP1 ATTN_CP1 TP1 EP1] [PP-OUTPUT-DEBUG] previous send committed: pp_rank=1 tp_rank=0 cp_rank=1 next_first_mb=1 next_mb=0
[2026-08-27 15:11:08 PP1 ATTN_CP1 TP1 EP1] [PP-OUTPUT-DEBUG] send/recv plan: pp_rank=1 tp_rank=0 cp_rank=1 next_first_mb=1 next_mb=0 send_first=False is_last=True has_forward_output=False send_target_exists=True recv_target_exists=True last_queue_len=1
[2026-08-27 15:11:08 PP1 ATTN_CP1 TP1 EP1] [PP-OUTPUT-DEBUG] commit end: pp_rank=1 tp_rank=0 cp_rank=1 next_first_mb=1 next_mb=0 received_output=False d2h_event=<torch_npu.npu.Event 0xaaab3162eba8> new_send_work=0
[2026-08-27 15:11:08 PP1 ATTN_CP7 TP7 EP7] [PP-OUTPUT-DEBUG] commit begin: pp_rank=1 tp_rank=0 cp_rank=7 next_first_mb=1 next_mb=0 pending_send_work=0 has_pp_outputs=False
[2026-08-27 15:11:08 PP1 ATTN_CP7 TP7 EP7] [PP-OUTPUT-DEBUG] previous send committed: pp_rank=1 tp_rank=0 cp_rank=7 next_first_mb=1 next_mb=0
[2026-08-27 15:11:08 PP1 ATTN_CP7 TP7 EP7] [PP-OUTPUT-DEBUG] send/recv plan: pp_rank=1 tp_rank=0 cp_rank=7 next_first_mb=1 next_mb=0 send_first=False is_last=True has_forward_output=False send_target_exists=True recv_target_exists=True last_queue_len=1
[2026-08-27 15:11:08 PP1 ATTN_CP7 TP7 EP7] [PP-OUTPUT-DEBUG] commit end: pp_rank=1 tp_rank=0 cp_rank=7 next_first_mb=1 next_mb=0 received_output=False d2h_event=<torch_npu.npu.Event 0xaaab3d053a08> new_send_work=0
[2026-08-27 15:11:08 PP1 ATTN_CP0 TP0 EP0] [PP-OUTPUT-DEBUG] commit begin: pp_rank=1 tp_rank=0 cp_rank=0 next_first_mb=1 next_mb=0 pending_send_work=0 has_pp_outputs=False
[2026-08-27 15:11:08 PP1 ATTN_CP0 TP0 EP0] [PP-OUTPUT-DEBUG] previous send committed: pp_rank=1 tp_rank=0 cp_rank=0 next_first_mb=1 next_mb=0
[2026-08-27 15:11:08 PP1 ATTN_CP0 TP0 EP0] [PP-OUTPUT-DEBUG] send/recv plan: pp_rank=1 tp_rank=0 cp_rank=0 next_first_mb=1 next_mb=0 send_first=False is_last=True has_forward_output=False send_target_exists=True recv_target_exists=True last_queue_len=1
[2026-08-27 15:11:08 PP1 ATTN_CP0 TP0 EP0] [PP-OUTPUT-DEBUG] commit end: pp_rank=1 tp_rank=0 cp_rank=0 next_first_mb=1 next_mb=0 received_output=False d2h_event=<torch_npu.npu.Event 0xaaab47d8a6a8> new_send_work=0
[2026-08-27 15:11:08 PP1 ATTN_CP6 TP6 EP6] [PP-OUTPUT-DEBUG] commit begin: pp_rank=1 tp_rank=0 cp_rank=6 next_first_mb=1 next_mb=0 pending_send_work=0 has_pp_outputs=False
[2026-08-27 15:11:08 PP1 ATTN_CP6 TP6 EP6] [PP-OUTPUT-DEBUG] previous send committed: pp_rank=1 tp_rank=0 cp_rank=6 next_first_mb=1 next_mb=0
[2026-08-27 15:11:08 PP1 ATTN_CP6 TP6 EP6] [PP-OUTPUT-DEBUG] send/recv plan: pp_rank=1 tp_rank=0 cp_rank=6 next_first_mb=1 next_mb=0 send_first=False is_last=True has_forward_output=False send_target_exists=True recv_target_exists=True last_queue_len=1
[2026-08-27 15:11:08 PP1 ATTN_CP6 TP6 EP6] [PP-OUTPUT-DEBUG] commit end: pp_rank=1 tp_rank=0 cp_rank=6 next_first_mb=1 next_mb=0 received_output=False d2h_event=<torch_npu.npu.Event 0xaaab4afd28a8> new_send_work=0
[2026-08-27 15:11:08 PP1 ATTN_CP4 TP4 EP4] [PP-OUTPUT-DEBUG] commit begin: pp_rank=1 tp_rank=0 cp_rank=4 next_first_mb=1 next_mb=0 pending_send_work=0 has_pp_outputs=False
[2026-08-27 15:11:08 PP1 ATTN_CP4 TP4 EP4] [PP-OUTPUT-DEBUG] previous send committed: pp_rank=1 tp_rank=0 cp_rank=4 next_first_mb=1 next_mb=0
[2026-08-27 15:11:08 PP1 ATTN_CP4 TP4 EP4] [PP-OUTPUT-DEBUG] send/recv plan: pp_rank=1 tp_rank=0 cp_rank=4 next_first_mb=1 next_mb=0 send_first=False is_last=True has_forward_output=False send_target_exists=True recv_target_exists=True last_queue_len=1
[2026-08-27 15:11:08 PP1 ATTN_CP4 TP4 EP4] [PP-OUTPUT-DEBUG] commit end: pp_rank=1 tp_rank=0 cp_rank=4 next_first_mb=1 next_mb=0 received_output=False d2h_event=<torch_npu.npu.Event 0xaaab140b5e28> new_send_work=0
[2026-08-27 15:11:08 PP1 ATTN_CP3 TP3 EP3] [PP-OUTPUT-DEBUG] commit begin: pp_rank=1 tp_rank=0 cp_rank=3 next_first_mb=1 next_mb=0 pending_send_work=0 has_pp_outputs=False
[2026-08-27 15:11:08 PP1 ATTN_CP3 TP3 EP3] [PP-OUTPUT-DEBUG] previous send committed: pp_rank=1 tp_rank=0 cp_rank=3 next_first_mb=1 next_mb=0
[2026-08-27 15:11:08 PP1 ATTN_CP3 TP3 EP3] [PP-OUTPUT-DEBUG] send/recv plan: pp_rank=1 tp_rank=0 cp_rank=3 next_first_mb=1 next_mb=0 send_first=False is_last=True has_forward_output=False send_target_exists=True recv_target_exists=True last_queue_len=1
[2026-08-27 15:11:08 PP1 ATTN_CP3 TP3 EP3] [PP-OUTPUT-DEBUG] commit end: pp_rank=1 tp_rank=0 cp_rank=3 next_first_mb=1 next_mb=0 received_output=False d2h_event=<torch_npu.npu.Event 0xaaab1bf40808> new_send_work=0
[2026-08-27 15:11:08 PP1 ATTN_CP2 TP2 EP2] [PP-OUTPUT-DEBUG] commit begin: pp_rank=1 tp_rank=0 cp_rank=2 next_first_mb=1 next_mb=0 pending_send_work=0 has_pp_outputs=False
[2026-08-27 15:11:08 PP1 ATTN_CP2 TP2 EP2] [PP-OUTPUT-DEBUG] previous send committed: pp_rank=1 tp_rank=0 cp_rank=2 next_first_mb=1 next_mb=0
[2026-08-27 15:11:08 PP1 ATTN_CP2 TP2 EP2] [PP-OUTPUT-DEBUG] send/recv plan: pp_rank=1 tp_rank=0 cp_rank=2 next_first_mb=1 next_mb=0 send_first=False is_last=True has_forward_output=False send_target_exists=True recv_target_exists=True last_queue_len=1
[2026-08-27 15:11:08 PP1 ATTN_CP2 TP2 EP2] [PP-OUTPUT-DEBUG] commit end: pp_rank=1 tp_rank=0 cp_rank=2 next_first_mb=1 next_mb=0 received_output=False d2h_event=<torch_npu.npu.Event 0xaaab0698c558> new_send_work=0
[2026-08-27 15:11:08 PP1 ATTN_CP0 TP0 EP0] [PP-OUTPUT-DEBUG] d2h sync begin: pp_rank=1 tp_rank=0 cp_rank=0 mb_id=1 next_mb_id=0 event=<torch_npu.npu.Event 0xaaab47d8a6a8> event_ready=False schedule_stream=<torch_npu.npu.Stream device=npu:0 npu_stream=0xaaab37572a58> schedule_ready=True copy_stream=<torch_npu.npu.Stream device=npu:0 npu_stream=0xaaab3744e708> copy_ready=True pending_output_work=0
[2026-08-27 15:11:08 PP1 ATTN_CP0 TP0 EP0] [PP-OUTPUT-DEBUG] d2h sync end: pp_rank=1 tp_rank=0 cp_rank=0 mb_id=1 next_mb_id=0
[2026-08-27 15:11:08 PP1 ATTN_CP0 TP0 EP0] Prefill batch, #new-seq: 1, #new-token: 16384, #cached-token: 0, token usage: 0.35, #running-req: 0, #queue-req: 10, #pending-token: 1359606, npu graph: False, input throughput (token/s): 33295.38
[2026-08-27 15:11:08 PP1 ATTN_CP1 TP1 EP1] [PP-OUTPUT-DEBUG] d2h sync begin: pp_rank=1 tp_rank=0 cp_rank=1 mb_id=1 next_mb_id=0 event=<torch_npu.npu.Event 0xaaab3162eba8> event_ready=False schedule_stream=<torch_npu.npu.Stream device=npu:1 npu_stream=0xaaab2a8307d8> schedule_ready=True copy_stream=<torch_npu.npu.Stream device=npu:1 npu_stream=0xaaab2a70c488> copy_ready=True pending_output_work=0
[2026-08-27 15:11:08 PP1 ATTN_CP1 TP1 EP1] [PP-OUTPUT-DEBUG] d2h sync end: pp_rank=1 tp_rank=0 cp_rank=1 mb_id=1 next_mb_id=0
[2026-08-27 15:11:08 PP1 ATTN_CP4 TP4 EP4] [PP-OUTPUT-DEBUG] d2h sync begin: pp_rank=1 tp_rank=0 cp_rank=4 mb_id=1 next_mb_id=0 event=<torch_npu.npu.Event 0xaaab140b5e28> event_ready=False schedule_stream=<torch_npu.npu.Stream device=npu:4 npu_stream=0xaaab097b7ef8> schedule_ready=True copy_stream=<torch_npu.npu.Stream device=npu:4 npu_stream=0xaaab09693ba8> copy_ready=True pending_output_work=0
[2026-08-27 15:11:08 PP1 ATTN_CP7 TP7 EP7] [PP-OUTPUT-DEBUG] d2h sync begin: pp_rank=1 tp_rank=0 cp_rank=7 mb_id=1 next_mb_id=0 event=<torch_npu.npu.Event 0xaaab3d053a08> event_ready=False schedule_stream=<torch_npu.npu.Stream device=npu:7 npu_stream=0xaaab2da5ea88> schedule_ready=True copy_stream=<torch_npu.npu.Stream device=npu:7 npu_stream=0xaaab2d93a738> copy_ready=True pending_output_work=0
[2026-08-27 15:11:08 PP1 ATTN_CP5 TP5 EP5] [PP-OUTPUT-DEBUG] d2h sync begin: pp_rank=1 tp_rank=0 cp_rank=5 mb_id=1 next_mb_id=0 event=<torch_npu.npu.Event 0xaaab20a58228> event_ready=False schedule_stream=<torch_npu.npu.Stream device=npu:5 npu_stream=0xaaab10df0518> schedule_ready=True copy_stream=<torch_npu.npu.Stream device=npu:5 npu_stream=0xaaab10ccc1c8> copy_ready=True pending_output_work=0
[2026-08-27 15:11:08 PP1 ATTN_CP3 TP3 EP3] [PP-OUTPUT-DEBUG] d2h sync begin: pp_rank=1 tp_rank=0 cp_rank=3 mb_id=1 next_mb_id=0 event=<torch_npu.npu.Event 0xaaab1bf40808> event_ready=False schedule_stream=<torch_npu.npu.Stream device=npu:3 npu_stream=0xaaab0eed71a8> schedule_ready=True copy_stream=<torch_npu.npu.Stream device=npu:3 npu_stream=0xaaab0edb2e58> copy_ready=True pending_output_work=0
[2026-08-27 15:11:08 PP1 ATTN_CP4 TP4 EP4] [PP-OUTPUT-DEBUG] d2h sync end: pp_rank=1 tp_rank=0 cp_rank=4 mb_id=1 next_mb_id=0
[2026-08-27 15:11:08 PP1 ATTN_CP7 TP7 EP7] [PP-OUTPUT-DEBUG] d2h sync end: pp_rank=1 tp_rank=0 cp_rank=7 mb_id=1 next_mb_id=0
[2026-08-27 15:11:08 PP1 ATTN_CP5 TP5 EP5] [PP-OUTPUT-DEBUG] d2h sync end: pp_rank=1 tp_rank=0 cp_rank=5 mb_id=1 next_mb_id=0
[2026-08-27 15:11:08 PP1 ATTN_CP6 TP6 EP6] [PP-OUTPUT-DEBUG] d2h sync begin: pp_rank=1 tp_rank=0 cp_rank=6 mb_id=1 next_mb_id=0 event=<torch_npu.npu.Event 0xaaab4afd28a8> event_ready=False schedule_stream=<torch_npu.npu.Stream device=npu:6 npu_stream=0xaaab4379b3f8> schedule_ready=True copy_stream=<torch_npu.npu.Stream device=npu:6 npu_stream=0xaaab436770a8> copy_ready=True pending_output_work=0
[2026-08-27 15:11:08 PP1 ATTN_CP3 TP3 EP3] [PP-OUTPUT-DEBUG] d2h sync end: pp_rank=1 tp_rank=0 cp_rank=3 mb_id=1 next_mb_id=0
[2026-08-27 15:11:08 PP1 ATTN_CP6 TP6 EP6] [PP-OUTPUT-DEBUG] d2h sync end: pp_rank=1 tp_rank=0 cp_rank=6 mb_id=1 next_mb_id=0
[2026-08-27 15:11:08 PP1 ATTN_CP1 TP1 EP1] Prefill batch, #new-seq: 1, #new-token: 16384, #cached-token: 0, token usage: 0.35, #running-req: 0, #queue-req: 10, #pending-token: 1359606, npu graph: False, input throughput (token/s): 33298.86
[2026-08-27 15:11:08 PP1 ATTN_CP5 TP5 EP5] Prefill batch, #new-seq: 1, #new-token: 16384, #cached-token: 0, token usage: 0.35, #running-req: 0, #queue-req: 10, #pending-token: 1359606, npu graph: False, input throughput (token/s): 33300.87
[2026-08-27 15:11:08 PP1 ATTN_CP7 TP7 EP7] Prefill batch, #new-seq: 1, #new-token: 16384, #cached-token: 0, token usage: 0.35, #running-req: 0, #queue-req: 10, #pending-token: 1359606, npu graph: False, input throughput (token/s): 33307.75
[2026-08-27 15:11:08 PP1 ATTN_CP3 TP3 EP3] Prefill batch, #new-seq: 1, #new-token: 16384, #cached-token: 0, token usage: 0.35, #running-req: 0, #queue-req: 10, #pending-token: 1359606, npu graph: False, input throughput (token/s): 33305.21
[2026-08-27 15:11:08 PP1 ATTN_CP4 TP4 EP4] Prefill batch, #new-seq: 1, #new-token: 16384, #cached-token: 0, token usage: 0.35, #running-req: 0, #queue-req: 10, #pending-token: 1359606, npu graph: False, input throughput (token/s): 33309.99
[2026-08-27 15:11:08 PP1 ATTN_CP6 TP6 EP6] Prefill batch, #new-seq: 1, #new-token: 16384, #cached-token: 0, token usage: 0.35, #running-req: 0, #queue-req: 10, #pending-token: 1359606, npu graph: False, input throughput (token/s): 33305.81
[2026-08-27 15:11:08 PP1 ATTN_CP2 TP2 EP2] [PP-OUTPUT-DEBUG] d2h sync begin: pp_rank=1 tp_rank=0 cp_rank=2 mb_id=1 next_mb_id=0 event=<torch_npu.npu.Event 0xaaab0698c558> event_ready=False schedule_stream=<torch_npu.npu.Stream device=npu:2 npu_stream=0xaaaaf42b58b8> schedule_ready=True copy_stream=<torch_npu.npu.Stream device=npu:2 npu_stream=0xaaaaf4191568> copy_ready=True pending_output_work=0
[2026-08-27 15:11:08 PP1 ATTN_CP2 TP2 EP2] [PP-OUTPUT-DEBUG] d2h sync end: pp_rank=1 tp_rank=0 cp_rank=2 mb_id=1 next_mb_id=0
[2026-08-27 15:11:08 PP1 ATTN_CP2 TP2 EP2] Prefill batch, #new-seq: 1, #new-token: 16384, #cached-token: 0, token usage: 0.35, #running-req: 0, #queue-req: 10, #pending-token: 1359606, npu graph: False, input throughput (token/s): 33095.54
[2026-08-27 15:11:08 PP1 ATTN_CP0 TP0 EP0] [PP-OUTPUT-DEBUG] synchronized skip decision differs from local batch: pp_rank=1 tp_rank=0 cp_rank=0 mb_id=0 synchronized_skip=True local_skip=False
[2026-08-27 15:11:08 PP1 ATTN_CP5 TP5 EP5] [PP-OUTPUT-DEBUG] synchronized skip decision differs from local batch: pp_rank=1 tp_rank=0 cp_rank=5 mb_id=0 synchronized_skip=True local_skip=False
[2026-08-27 15:11:08 PP1 ATTN_CP1 TP1 EP1] [PP-OUTPUT-DEBUG] synchronized skip decision differs from local batch: pp_rank=1 tp_rank=0 cp_rank=1 mb_id=0 synchronized_skip=True local_skip=False
[2026-08-27 15:11:08 PP1 ATTN_CP7 TP7 EP7] [PP-OUTPUT-DEBUG] synchronized skip decision differs from local batch: pp_rank=1 tp_rank=0 cp_rank=7 mb_id=0 synchronized_skip=True local_skip=False
[2026-08-27 15:11:08 PP1 ATTN_CP6 TP6 EP6] [PP-OUTPUT-DEBUG] synchronized skip decision differs from local batch: pp_rank=1 tp_rank=0 cp_rank=6 mb_id=0 synchronized_skip=True local_skip=False
[2026-08-27 15:11:08 PP1 ATTN_CP2 TP2 EP2] [PP-OUTPUT-DEBUG] synchronized skip decision differs from local batch: pp_rank=1 tp_rank=0 cp_rank=2 mb_id=0 synchronized_skip=True local_skip=False
[2026-08-27 15:11:08 PP1 ATTN_CP4 TP4 EP4] [PP-OUTPUT-DEBUG] synchronized skip decision differs from local batch: pp_rank=1 tp_rank=0 cp_rank=4 mb_id=0 synchronized_skip=True local_skip=False
[2026-08-27 15:11:08 PP1 ATTN_CP3 TP3 EP3] [PP-OUTPUT-DEBUG] synchronized skip decision differs from local batch: pp_rank=1 tp_rank=0 cp_rank=3 mb_id=0 synchronized_skip=True local_skip=False
[2026-08-27 15:11:08 PP1 ATTN_CP5 TP5 EP5] [PP-OUTPUT-DEBUG] commit begin: pp_rank=1 tp_rank=0 cp_rank=5 next_first_mb=0 next_mb=1 pending_send_work=0 has_pp_outputs=False
[2026-08-27 15:11:08 PP1 ATTN_CP5 TP5 EP5] [PP-OUTPUT-DEBUG] previous send committed: pp_rank=1 tp_rank=0 cp_rank=5 next_first_mb=0 next_mb=1
[2026-08-27 15:11:08 PP1 ATTN_CP5 TP5 EP5] [PP-OUTPUT-DEBUG] send/recv plan: pp_rank=1 tp_rank=0 cp_rank=5 next_first_mb=0 next_mb=1 send_first=False is_last=True has_forward_output=False send_target_exists=True recv_target_exists=True last_queue_len=1
[2026-08-27 15:11:08 PP1 ATTN_CP5 TP5 EP5] [PP-OUTPUT-DEBUG] commit end: pp_rank=1 tp_rank=0 cp_rank=5 next_first_mb=0 next_mb=1 received_output=False d2h_event=<torch_npu.npu.Event 0xaaab20a5b738> new_send_work=0
[2026-08-27 15:11:08 PP1 ATTN_CP1 TP1 EP1] [PP-OUTPUT-DEBUG] commit begin: pp_rank=1 tp_rank=0 cp_rank=1 next_first_mb=0 next_mb=1 pending_send_work=0 has_pp_outputs=False
[2026-08-27 15:11:08 PP1 ATTN_CP1 TP1 EP1] [PP-OUTPUT-DEBUG] previous send committed: pp_rank=1 tp_rank=0 cp_rank=1 next_first_mb=0 next_mb=1
[2026-08-27 15:11:08 PP1 ATTN_CP1 TP1 EP1] [PP-OUTPUT-DEBUG] send/recv plan: pp_rank=1 tp_rank=0 cp_rank=1 next_first_mb=0 next_mb=1 send_first=False is_last=True has_forward_output=False send_target_exists=True recv_target_exists=True last_queue_len=1
[2026-08-27 15:11:08 PP1 ATTN_CP1 TP1 EP1] [PP-OUTPUT-DEBUG] commit end: pp_rank=1 tp_rank=0 cp_rank=1 next_first_mb=0 next_mb=1 received_output=False d2h_event=<torch_npu.npu.Event 0xaaab39beecb8> new_send_work=0
[2026-08-27 15:11:08 PP1 ATTN_CP7 TP7 EP7] [PP-OUTPUT-DEBUG] commit begin: pp_rank=1 tp_rank=0 cp_rank=7 next_first_mb=0 next_mb=1 pending_send_work=0 has_pp_outputs=False
[2026-08-27 15:11:08 PP1 ATTN_CP7 TP7 EP7] [PP-OUTPUT-DEBUG] previous send committed: pp_rank=1 tp_rank=0 cp_rank=7 next_first_mb=0 next_mb=1
[2026-08-27 15:11:08 PP1 ATTN_CP7 TP7 EP7] [PP-OUTPUT-DEBUG] send/recv plan: pp_rank=1 tp_rank=0 cp_rank=7 next_first_mb=0 next_mb=1 send_first=False is_last=True has_forward_output=False send_target_exists=True recv_target_exists=True last_queue_len=1
[2026-08-27 15:11:08 PP1 ATTN_CP7 TP7 EP7] [PP-OUTPUT-DEBUG] commit end: pp_rank=1 tp_rank=0 cp_rank=7 next_first_mb=0 next_mb=1 received_output=False d2h_event=<torch_npu.npu.Event 0xaaab43b6ea18> new_send_work=0
[2026-08-27 15:11:08 PP1 ATTN_CP6 TP6 EP6] [PP-OUTPUT-DEBUG] commit begin: pp_rank=1 tp_rank=0 cp_rank=6 next_first_mb=0 next_mb=1 pending_send_work=0 has_pp_outputs=False
[2026-08-27 15:11:08 PP1 ATTN_CP6 TP6 EP6] [PP-OUTPUT-DEBUG] previous send committed: pp_rank=1 tp_rank=0 cp_rank=6 next_first_mb=0 next_mb=1
[2026-08-27 15:11:08 PP1 ATTN_CP6 TP6 EP6] [PP-OUTPUT-DEBUG] send/recv plan: pp_rank=1 tp_rank=0 cp_rank=6 next_first_mb=0 next_mb=1 send_first=False is_last=True has_forward_output=False send_target_exists=True recv_target_exists=True last_queue_len=1
[2026-08-27 15:11:08 PP1 ATTN_CP6 TP6 EP6] [PP-OUTPUT-DEBUG] commit end: pp_rank=1 tp_rank=0 cp_rank=6 next_first_mb=0 next_mb=1 received_output=False d2h_event=<torch_npu.npu.Event 0xaaab52d227e8> new_send_work=0
[2026-08-27 15:11:08 PP1 ATTN_CP4 TP4 EP4] [PP-OUTPUT-DEBUG] commit begin: pp_rank=1 tp_rank=0 cp_rank=4 next_first_mb=0 next_mb=1 pending_send_work=0 has_pp_outputs=False
[2026-08-27 15:11:08 PP1 ATTN_CP4 TP4 EP4] [PP-OUTPUT-DEBUG] previous send committed: pp_rank=1 tp_rank=0 cp_rank=4 next_first_mb=0 next_mb=1
[2026-08-27 15:11:08 PP1 ATTN_CP4 TP4 EP4] [PP-OUTPUT-DEBUG] send/recv plan: pp_rank=1 tp_rank=0 cp_rank=4 next_first_mb=0 next_mb=1 send_first=False is_last=True has_forward_output=False send_target_exists=True recv_target_exists=True last_queue_len=1
[2026-08-27 15:11:08 PP1 ATTN_CP4 TP4 EP4] [PP-OUTPUT-DEBUG] commit end: pp_rank=1 tp_rank=0 cp_rank=4 next_first_mb=0 next_mb=1 received_output=False d2h_event=<torch_npu.npu.Event 0xaaab167f9ba8> new_send_work=0
[2026-08-27 15:11:08 PP1 ATTN_CP0 TP0 EP0] [PP-OUTPUT-DEBUG] commit begin: pp_rank=1 tp_rank=0 cp_rank=0 next_first_mb=0 next_mb=1 pending_send_work=0 has_pp_outputs=False
[2026-08-27 15:11:08 PP1 ATTN_CP0 TP0 EP0] [PP-OUTPUT-DEBUG] previous send committed: pp_rank=1 tp_rank=0 cp_rank=0 next_first_mb=0 next_mb=1
[2026-08-27 15:11:08 PP1 ATTN_CP0 TP0 EP0] [PP-OUTPUT-DEBUG] send/recv plan: pp_rank=1 tp_rank=0 cp_rank=0 next_first_mb=0 next_mb=1 send_first=False is_last=True has_forward_output=False send_target_exists=True recv_target_exists=True last_queue_len=1
[2026-08-27 15:11:08 PP1 ATTN_CP0 TP0 EP0] [PP-OUTPUT-DEBUG] commit end: pp_rank=1 tp_rank=0 cp_rank=0 next_first_mb=0 next_mb=1 received_output=False d2h_event=<torch_npu.npu.Event 0xaaab42f4b548> new_send_work=0
[2026-08-27 15:11:08 PP1 ATTN_CP3 TP3 EP3] [PP-OUTPUT-DEBUG] commit begin: pp_rank=1 tp_rank=0 cp_rank=3 next_first_mb=0 next_mb=1 pending_send_work=0 has_pp_outputs=False
[2026-08-27 15:11:08 PP1 ATTN_CP3 TP3 EP3] [PP-OUTPUT-DEBUG] previous send committed: pp_rank=1 tp_rank=0 cp_rank=3 next_first_mb=0 next_mb=1
[2026-08-27 15:11:08 PP1 ATTN_CP3 TP3 EP3] [PP-OUTPUT-DEBUG] send/recv plan: pp_rank=1 tp_rank=0 cp_rank=3 next_first_mb=0 next_mb=1 send_first=False is_last=True has_forward_output=False send_target_exists=True recv_target_exists=True last_queue_len=1
[2026-08-27 15:11:08 PP1 ATTN_CP3 TP3 EP3] [PP-OUTPUT-DEBUG] commit end: pp_rank=1 tp_rank=0 cp_rank=3 next_first_mb=0 next_mb=1 received_output=False d2h_event=<torch_npu.npu.Event 0xaaab1ac0d278> new_send_work=0
[2026-08-27 15:11:08 PP1 ATTN_CP2 TP2 EP2] [PP-OUTPUT-DEBUG] commit begin: pp_rank=1 tp_rank=0 cp_rank=2 next_first_mb=0 next_mb=1 pending_send_work=0 has_pp_outputs=False
[2026-08-27 15:11:08 PP1 ATTN_CP2 TP2 EP2] [PP-OUTPUT-DEBUG] previous send committed: pp_rank=1 tp_rank=0 cp_rank=2 next_first_mb=0 next_mb=1
[2026-08-27 15:11:08 PP1 ATTN_CP2 TP2 EP2] [PP-OUTPUT-DEBUG] send/recv plan: pp_rank=1 tp_rank=0 cp_rank=2 next_first_mb=0 next_mb=1 send_first=False is_last=True has_forward_output=False send_target_exists=True recv_target_exists=True last_queue_len=1
[2026-08-27 15:11:08 PP1 ATTN_CP2 TP2 EP2] [PP-OUTPUT-DEBUG] commit end: pp_rank=1 tp_rank=0 cp_rank=2 next_first_mb=0 next_mb=1 received_output=False d2h_event=<torch_npu.npu.Event 0xaaaafdc693d8> new_send_work=0
[2026-08-27 15:11:08 PP1 ATTN_CP0 TP0 EP0] [PP-OUTPUT-DEBUG] d2h sync begin: pp_rank=1 tp_rank=0 cp_rank=0 mb_id=0 next_mb_id=1 event=<torch_npu.npu.Event 0xaaab42f4b548> event_ready=False schedule_stream=<torch_npu.npu.Stream device=npu:0 npu_stream=0xaaab37572a58> schedule_ready=True copy_stream=<torch_npu.npu.Stream device=npu:0 npu_stream=0xaaab3744e708> copy_ready=True pending_output_work=0
[2026-08-27 15:11:08 PP1 ATTN_CP0 TP0 EP0] [PP-OUTPUT-DEBUG] d2h sync end: pp_rank=1 tp_rank=0 cp_rank=0 mb_id=0 next_mb_id=1
[2026-08-27 15:11:08 PP1 ATTN_CP0 TP0 EP0] Prefill batch, #new-seq: 1, #new-token: 16384, #cached-token: 0, token usage: 0.40, #running-req: 0, #queue-req: 11, #pending-token: 1489013, npu graph: False, input throughput (token/s): 33131.19
[2026-08-27 15:11:08 PP1 ATTN_CP1 TP1 EP1] [PP-OUTPUT-DEBUG] d2h sync begin: pp_rank=1 tp_rank=0 cp_rank=1 mb_id=0 next_mb_id=1 event=<torch_npu.npu.Event 0xaaab39beecb8> event_ready=False schedule_stream=<torch_npu.npu.Stream device=npu:1 npu_stream=0xaaab2a8307d8> schedule_ready=True copy_stream=<torch_npu.npu.Stream device=npu:1 npu_stream=0xaaab2a70c488> copy_ready=True pending_output_work=0
[2026-08-27 15:11:08 PP1 ATTN_CP1 TP1 EP1] [PP-OUTPUT-DEBUG] d2h sync end: pp_rank=1 tp_rank=0 cp_rank=1 mb_id=0 next_mb_id=1
[2026-08-27 15:11:08 PP1 ATTN_CP4 TP4 EP4] [PP-OUTPUT-DEBUG] d2h sync begin: pp_rank=1 tp_rank=0 cp_rank=4 mb_id=0 next_mb_id=1 event=<torch_npu.npu.Event 0xaaab167f9ba8> event_ready=False schedule_stream=<torch_npu.npu.Stream device=npu:4 npu_stream=0xaaab097b7ef8> schedule_ready=True copy_stream=<torch_npu.npu.Stream device=npu:4 npu_stream=0xaaab09693ba8> copy_ready=True pending_output_work=0
[2026-08-27 15:11:08 PP1 ATTN_CP7 TP7 EP7] [PP-OUTPUT-DEBUG] d2h sync begin: pp_rank=1 tp_rank=0 cp_rank=7 mb_id=0 next_mb_id=1 event=<torch_npu.npu.Event 0xaaab43b6ea18> event_ready=False schedule_stream=<torch_npu.npu.Stream device=npu:7 npu_stream=0xaaab2da5ea88> schedule_ready=True copy_stream=<torch_npu.npu.Stream device=npu:7 npu_stream=0xaaab2d93a738> copy_ready=True pending_output_work=0
[2026-08-27 15:11:08 PP1 ATTN_CP5 TP5 EP5] [PP-OUTPUT-DEBUG] d2h sync begin: pp_rank=1 tp_rank=0 cp_rank=5 mb_id=0 next_mb_id=1 event=<torch_npu.npu.Event 0xaaab20a5b738> event_ready=False schedule_stream=<torch_npu.npu.Stream device=npu:5 npu_stream=0xaaab10df0518> schedule_ready=True copy_stream=<torch_npu.npu.Stream device=npu:5 npu_stream=0xaaab10ccc1c8> copy_ready=True pending_output_work=0
[2026-08-27 15:11:08 PP1 ATTN_CP6 TP6 EP6] [PP-OUTPUT-DEBUG] d2h sync begin: pp_rank=1 tp_rank=0 cp_rank=6 mb_id=0 next_mb_id=1 event=<torch_npu.npu.Event 0xaaab52d227e8> event_ready=False schedule_stream=<torch_npu.npu.Stream device=npu:6 npu_stream=0xaaab4379b3f8> schedule_ready=True copy_stream=<torch_npu.npu.Stream device=npu:6 npu_stream=0xaaab436770a8> copy_ready=True pending_output_work=0
[2026-08-27 15:11:08 PP1 ATTN_CP7 TP7 EP7] [PP-OUTPUT-DEBUG] d2h sync end: pp_rank=1 tp_rank=0 cp_rank=7 mb_id=0 next_mb_id=1
[2026-08-27 15:11:08 PP1 ATTN_CP3 TP3 EP3] [PP-OUTPUT-DEBUG] d2h sync begin: pp_rank=1 tp_rank=0 cp_rank=3 mb_id=0 next_mb_id=1 event=<torch_npu.npu.Event 0xaaab1ac0d278> event_ready=False schedule_stream=<torch_npu.npu.Stream device=npu:3 npu_stream=0xaaab0eed71a8> schedule_ready=True copy_stream=<torch_npu.npu.Stream device=npu:3 npu_stream=0xaaab0edb2e58> copy_ready=True pending_output_work=0
[2026-08-27 15:11:08 PP1 ATTN_CP4 TP4 EP4] [PP-OUTPUT-DEBUG] d2h sync end: pp_rank=1 tp_rank=0 cp_rank=4 mb_id=0 next_mb_id=1
[2026-08-27 15:11:08 PP1 ATTN_CP5 TP5 EP5] [PP-OUTPUT-DEBUG] d2h sync end: pp_rank=1 tp_rank=0 cp_rank=5 mb_id=0 next_mb_id=1
[2026-08-27 15:11:08 PP1 ATTN_CP6 TP6 EP6] [PP-OUTPUT-DEBUG] d2h sync end: pp_rank=1 tp_rank=0 cp_rank=6 mb_id=0 next_mb_id=1
[2026-08-27 15:11:08 PP1 ATTN_CP3 TP3 EP3] [PP-OUTPUT-DEBUG] d2h sync end: pp_rank=1 tp_rank=0 cp_rank=3 mb_id=0 next_mb_id=1
[2026-08-27 15:11:08 PP1 ATTN_CP1 TP1 EP1] Prefill batch, #new-seq: 1, #new-token: 16384, #cached-token: 0, token usage: 0.40, #running-req: 0, #queue-req: 11, #pending-token: 1489013, npu graph: False, input throughput (token/s): 33120.32
[2026-08-27 15:11:08 PP1 ATTN_CP7 TP7 EP7] Prefill batch, #new-seq: 1, #new-token: 16384, #cached-token: 0, token usage: 0.40, #running-req: 0, #queue-req: 11, #pending-token: 1489013, npu graph: False, input throughput (token/s): 33120.20
[2026-08-27 15:11:08 PP1 ATTN_CP5 TP5 EP5] Prefill batch, #new-seq: 1, #new-token: 16384, #cached-token: 0, token usage: 0.40, #running-req: 0, #queue-req: 11, #pending-token: 1489013, npu graph: False, input throughput (token/s): 33119.29
[2026-08-27 15:11:08 PP1 ATTN_CP6 TP6 EP6] Prefill batch, #new-seq: 1, #new-token: 16384, #cached-token: 0, token usage: 0.40, #running-req: 0, #queue-req: 11, #pending-token: 1489013, npu graph: False, input throughput (token/s): 33125.07
[2026-08-27 15:11:08 PP1 ATTN_CP3 TP3 EP3] Prefill batch, #new-seq: 1, #new-token: 16384, #cached-token: 0, token usage: 0.40, #running-req: 0, #queue-req: 11, #pending-token: 1489013, npu graph: False, input throughput (token/s): 33118.86
[2026-08-27 15:11:08 PP1 ATTN_CP4 TP4 EP4] Prefill batch, #new-seq: 1, #new-token: 16384, #cached-token: 0, token usage: 0.40, #running-req: 0, #queue-req: 11, #pending-token: 1489013, npu graph: False, input throughput (token/s): 33118.74
[2026-08-27 15:11:08 PP1 ATTN_CP2 TP2 EP2] [PP-OUTPUT-DEBUG] d2h sync begin: pp_rank=1 tp_rank=0 cp_rank=2 mb_id=0 next_mb_id=1 event=<torch_npu.npu.Event 0xaaaafdc693d8> event_ready=False schedule_stream=<torch_npu.npu.Stream device=npu:2 npu_stream=0xaaaaf42b58b8> schedule_ready=True copy_stream=<torch_npu.npu.Stream device=npu:2 npu_stream=0xaaaaf4191568> copy_ready=True pending_output_work=0
[2026-08-27 15:11:08 PP1 ATTN_CP2 TP2 EP2] [PP-OUTPUT-DEBUG] d2h sync end: pp_rank=1 tp_rank=0 cp_rank=2 mb_id=0 next_mb_id=1
[2026-08-27 15:11:08 PP1 ATTN_CP2 TP2 EP2] Prefill batch, #new-seq: 1, #new-token: 16384, #cached-token: 0, token usage: 0.40, #running-req: 0, #queue-req: 11, #pending-token: 1489013, npu graph: False, input throughput (token/s): 33033.81
[2026-08-27 15:11:09 PP1 ATTN_CP5 TP5 EP5] [PP-OUTPUT-DEBUG] commit begin: pp_rank=1 tp_rank=0 cp_rank=5 next_first_mb=1 next_mb=0 pending_send_work=0 has_pp_outputs=False
[2026-08-27 15:11:09 PP1 ATTN_CP5 TP5 EP5] [PP-OUTPUT-DEBUG] previous send committed: pp_rank=1 tp_rank=0 cp_rank=5 next_first_mb=1 next_mb=0
[2026-08-27 15:11:09 PP1 ATTN_CP5 TP5 EP5] [PP-OUTPUT-DEBUG] send/recv plan: pp_rank=1 tp_rank=0 cp_rank=5 next_first_mb=1 next_mb=0 send_first=False is_last=True has_forward_output=False send_target_exists=True recv_target_exists=True last_queue_len=1
[2026-08-27 15:11:09 PP1 ATTN_CP5 TP5 EP5] [PP-OUTPUT-DEBUG] send begin: role=last-new-output pp_rank=1 tp_rank=0 cp_rank=5 target_mb=1 queue_len_before=1 keys=['next_token_ids']
/usr/local/python3.12.13/lib/python3.12/site-packages/torch_npu/contrib/transfer_to_npu.py:191: UserWarning: The given buffer is not writable, and PyTorch does not support non-writable tensors. This means you can write to the underlying (supposedly non-writable) buffer using the tensor. You may want to copy the buffer to protect its data or make it writable before converting it to a tensor. This type of warning will be suppressed for the rest of this program. (Triggered internally at /pytorch/torch/csrc/utils/tensor_new.cpp:1581.)
  return fn(*args, **kwargs)
[2026-08-27 15:11:09 PP1 ATTN_CP5 TP5 EP5] [PP-OUTPUT-DEBUG] send queued: role=last-new-output pp_rank=1 tp_rank=0 cp_rank=5 target_mb=1 work_count=3
[2026-08-27 15:11:09 PP1 ATTN_CP5 TP5 EP5] [PP-OUTPUT-DEBUG] commit end: pp_rank=1 tp_rank=0 cp_rank=5 next_first_mb=1 next_mb=0 received_output=False d2h_event=<torch_npu.npu.Event 0xaaab19742968> new_send_work=3
[2026-08-27 15:11:09 PP1 ATTN_CP1 TP1 EP1] [PP-OUTPUT-DEBUG] commit begin: pp_rank=1 tp_rank=0 cp_rank=1 next_first_mb=1 next_mb=0 pending_send_work=0 has_pp_outputs=False
[2026-08-27 15:11:09 PP1 ATTN_CP1 TP1 EP1] [PP-OUTPUT-DEBUG] previous send committed: pp_rank=1 tp_rank=0 cp_rank=1 next_first_mb=1 next_mb=0
[2026-08-27 15:11:09 PP1 ATTN_CP1 TP1 EP1] [PP-OUTPUT-DEBUG] send/recv plan: pp_rank=1 tp_rank=0 cp_rank=1 next_first_mb=1 next_mb=0 send_first=False is_last=True has_forward_output=False send_target_exists=True recv_target_exists=True last_queue_len=1
[2026-08-27 15:11:09 PP1 ATTN_CP1 TP1 EP1] [PP-OUTPUT-DEBUG] send begin: role=last-new-output pp_rank=1 tp_rank=0 cp_rank=1 target_mb=1 queue_len_before=1 keys=['next_token_ids']
/usr/local/python3.12.13/lib/python3.12/site-packages/torch_npu/contrib/transfer_to_npu.py:191: UserWarning: The given buffer is not writable, and PyTorch does not support non-writable tensors. This means you can write to the underlying (supposedly non-writable) buffer using the tensor. You may want to copy the buffer to protect its data or make it writable before converting it to a tensor. This type of warning will be suppressed for the rest of this program. (Triggered internally at /pytorch/torch/csrc/utils/tensor_new.cpp:1581.)
  return fn(*args, **kwargs)
[2026-08-27 15:11:09 PP1 ATTN_CP1 TP1 EP1] [PP-OUTPUT-DEBUG] send queued: role=last-new-output pp_rank=1 tp_rank=0 cp_rank=1 target_mb=1 work_count=3
[2026-08-27 15:11:09 PP1 ATTN_CP1 TP1 EP1] [PP-OUTPUT-DEBUG] commit end: pp_rank=1 tp_rank=0 cp_rank=1 next_first_mb=1 next_mb=0 received_output=False d2h_event=<torch_npu.npu.Event 0xaaab3af0d0d8> new_send_work=3
[2026-08-27 15:11:09 PP1 ATTN_CP7 TP7 EP7] [PP-OUTPUT-DEBUG] commit begin: pp_rank=1 tp_rank=0 cp_rank=7 next_first_mb=1 next_mb=0 pending_send_work=0 has_pp_outputs=False
[2026-08-27 15:11:09 PP1 ATTN_CP7 TP7 EP7] [PP-OUTPUT-DEBUG] previous send committed: pp_rank=1 tp_rank=0 cp_rank=7 next_first_mb=1 next_mb=0
[2026-08-27 15:11:09 PP1 ATTN_CP7 TP7 EP7] [PP-OUTPUT-DEBUG] send/recv plan: pp_rank=1 tp_rank=0 cp_rank=7 next_first_mb=1 next_mb=0 send_first=False is_last=True has_forward_output=False send_target_exists=True recv_target_exists=True last_queue_len=1
[2026-08-27 15:11:09 PP1 ATTN_CP7 TP7 EP7] [PP-OUTPUT-DEBUG] send begin: role=last-new-output pp_rank=1 tp_rank=0 cp_rank=7 target_mb=1 queue_len_before=1 keys=['next_token_ids']
/usr/local/python3.12.13/lib/python3.12/site-packages/torch_npu/contrib/transfer_to_npu.py:191: UserWarning: The given buffer is not writable, and PyTorch does not support non-writable tensors. This means you can write to the underlying (supposedly non-writable) buffer using the tensor. You may want to copy the buffer to protect its data or make it writable before converting it to a tensor. This type of warning will be suppressed for the rest of this program. (Triggered internally at /pytorch/torch/csrc/utils/tensor_new.cpp:1581.)
  return fn(*args, **kwargs)
[2026-08-27 15:11:09 PP1 ATTN_CP7 TP7 EP7] [PP-OUTPUT-DEBUG] send queued: role=last-new-output pp_rank=1 tp_rank=0 cp_rank=7 target_mb=1 work_count=3
[2026-08-27 15:11:09 PP1 ATTN_CP7 TP7 EP7] [PP-OUTPUT-DEBUG] commit end: pp_rank=1 tp_rank=0 cp_rank=7 next_first_mb=1 next_mb=0 received_output=False d2h_event=<torch_npu.npu.Event 0xaaab3ea03968> new_send_work=3
[2026-08-27 15:11:09 PP1 ATTN_CP4 TP4 EP4] [PP-OUTPUT-DEBUG] commit begin: pp_rank=1 tp_rank=0 cp_rank=4 next_first_mb=1 next_mb=0 pending_send_work=0 has_pp_outputs=False
[2026-08-27 15:11:09 PP1 ATTN_CP4 TP4 EP4] [PP-OUTPUT-DEBUG] previous send committed: pp_rank=1 tp_rank=0 cp_rank=4 next_first_mb=1 next_mb=0
[2026-08-27 15:11:09 PP1 ATTN_CP4 TP4 EP4] [PP-OUTPUT-DEBUG] send/recv plan: pp_rank=1 tp_rank=0 cp_rank=4 next_first_mb=1 next_mb=0 send_first=False is_last=True has_forward_output=False send_target_exists=True recv_target_exists=True last_queue_len=1
[2026-08-27 15:11:09 PP1 ATTN_CP4 TP4 EP4] [PP-OUTPUT-DEBUG] send begin: role=last-new-output pp_rank=1 tp_rank=0 cp_rank=4 target_mb=1 queue_len_before=1 keys=['next_token_ids']
/usr/local/python3.12.13/lib/python3.12/site-packages/torch_npu/contrib/transfer_to_npu.py:191: UserWarning: The given buffer is not writable, and PyTorch does not support non-writable tensors. This means you can write to the underlying (supposedly non-writable) buffer using the tensor. You may want to copy the buffer to protect its data or make it writable before converting it to a tensor. This type of warning will be suppressed for the rest of this program. (Triggered internally at /pytorch/torch/csrc/utils/tensor_new.cpp:1581.)
  return fn(*args, **kwargs)
[2026-08-27 15:11:09 PP1 ATTN_CP4 TP4 EP4] [PP-OUTPUT-DEBUG] send queued: role=last-new-output pp_rank=1 tp_rank=0 cp_rank=4 target_mb=1 work_count=3
[2026-08-27 15:11:09 PP1 ATTN_CP4 TP4 EP4] [PP-OUTPUT-DEBUG] commit end: pp_rank=1 tp_rank=0 cp_rank=4 next_first_mb=1 next_mb=0 received_output=False d2h_event=<torch_npu.npu.Event 0xaaab18ced2f8> new_send_work=3
[2026-08-27 15:11:09 PP1 ATTN_CP6 TP6 EP6] [PP-OUTPUT-DEBUG] commit begin: pp_rank=1 tp_rank=0 cp_rank=6 next_first_mb=1 next_mb=0 pending_send_work=0 has_pp_outputs=False
[2026-08-27 15:11:09 PP1 ATTN_CP6 TP6 EP6] [PP-OUTPUT-DEBUG] previous send committed: pp_rank=1 tp_rank=0 cp_rank=6 next_first_mb=1 next_mb=0
[2026-08-27 15:11:09 PP1 ATTN_CP6 TP6 EP6] [PP-OUTPUT-DEBUG] send/recv plan: pp_rank=1 tp_rank=0 cp_rank=6 next_first_mb=1 next_mb=0 send_first=False is_last=True has_forward_output=False send_target_exists=True recv_target_exists=True last_queue_len=1
[2026-08-27 15:11:09 PP1 ATTN_CP6 TP6 EP6] [PP-OUTPUT-DEBUG] send begin: role=last-new-output pp_rank=1 tp_rank=0 cp_rank=6 target_mb=1 queue_len_before=1 keys=['next_token_ids']
/usr/local/python3.12.13/lib/python3.12/site-packages/torch_npu/contrib/transfer_to_npu.py:191: UserWarning: The given buffer is not writable, and PyTorch does not support non-writable tensors. This means you can write to the underlying (supposedly non-writable) buffer using the tensor. You may want to copy the buffer to protect its data or make it writable before converting it to a tensor. This type of warning will be suppressed for the rest of this program. (Triggered internally at /pytorch/torch/csrc/utils/tensor_new.cpp:1581.)
  return fn(*args, **kwargs)
[2026-08-27 15:11:09 PP1 ATTN_CP6 TP6 EP6] [PP-OUTPUT-DEBUG] send queued: role=last-new-output pp_rank=1 tp_rank=0 cp_rank=6 target_mb=1 work_count=3
[2026-08-27 15:11:09 PP1 ATTN_CP6 TP6 EP6] [PP-OUTPUT-DEBUG] commit end: pp_rank=1 tp_rank=0 cp_rank=6 next_first_mb=1 next_mb=0 received_output=False d2h_event=<torch_npu.npu.Event 0xaaab56e06148> new_send_work=3
[2026-08-27 15:11:09 PP1 ATTN_CP3 TP3 EP3] [PP-OUTPUT-DEBUG] commit begin: pp_rank=1 tp_rank=0 cp_rank=3 next_first_mb=1 next_mb=0 pending_send_work=0 has_pp_outputs=False
[2026-08-27 15:11:09 PP1 ATTN_CP3 TP3 EP3] [PP-OUTPUT-DEBUG] previous send committed: pp_rank=1 tp_rank=0 cp_rank=3 next_first_mb=1 next_mb=0
[2026-08-27 15:11:09 PP1 ATTN_CP3 TP3 EP3] [PP-OUTPUT-DEBUG] send/recv plan: pp_rank=1 tp_rank=0 cp_rank=3 next_first_mb=1 next_mb=0 send_first=False is_last=True has_forward_output=False send_target_exists=True recv_target_exists=True last_queue_len=1
[2026-08-27 15:11:09 PP1 ATTN_CP3 TP3 EP3] [PP-OUTPUT-DEBUG] send begin: role=last-new-output pp_rank=1 tp_rank=0 cp_rank=3 target_mb=1 queue_len_before=1 keys=['next_token_ids']
/usr/local/python3.12.13/lib/python3.12/site-packages/torch_npu/contrib/transfer_to_npu.py:191: UserWarning: The given buffer is not writable, and PyTorch does not support non-writable tensors. This means you can write to the underlying (supposedly non-writable) buffer using the tensor. You may want to copy the buffer to protect its data or make it writable before converting it to a tensor. This type of warning will be suppressed for the rest of this program. (Triggered internally at /pytorch/torch/csrc/utils/tensor_new.cpp:1581.)
  return fn(*args, **kwargs)
[2026-08-27 15:11:09 PP1 ATTN_CP3 TP3 EP3] [PP-OUTPUT-DEBUG] send queued: role=last-new-output pp_rank=1 tp_rank=0 cp_rank=3 target_mb=1 work_count=3
[2026-08-27 15:11:09 PP1 ATTN_CP3 TP3 EP3] [PP-OUTPUT-DEBUG] commit end: pp_rank=1 tp_rank=0 cp_rank=3 next_first_mb=1 next_mb=0 received_output=False d2h_event=<torch_npu.npu.Event 0xaaab1806ae28> new_send_work=3
[2026-08-27 15:11:09 PP1 ATTN_CP2 TP2 EP2] [PP-OUTPUT-DEBUG] commit begin: pp_rank=1 tp_rank=0 cp_rank=2 next_first_mb=1 next_mb=0 pending_send_work=0 has_pp_outputs=False
[2026-08-27 15:11:09 PP1 ATTN_CP2 TP2 EP2] [PP-OUTPUT-DEBUG] previous send committed: pp_rank=1 tp_rank=0 cp_rank=2 next_first_mb=1 next_mb=0
[2026-08-27 15:11:09 PP1 ATTN_CP2 TP2 EP2] [PP-OUTPUT-DEBUG] send/recv plan: pp_rank=1 tp_rank=0 cp_rank=2 next_first_mb=1 next_mb=0 send_first=False is_last=True has_forward_output=False send_target_exists=True recv_target_exists=True last_queue_len=1
[2026-08-27 15:11:09 PP1 ATTN_CP2 TP2 EP2] [PP-OUTPUT-DEBUG] send begin: role=last-new-output pp_rank=1 tp_rank=0 cp_rank=2 target_mb=1 queue_len_before=1 keys=['next_token_ids']
/usr/local/python3.12.13/lib/python3.12/site-packages/torch_npu/contrib/transfer_to_npu.py:191: UserWarning: The given buffer is not writable, and PyTorch does not support non-writable tensors. This means you can write to the underlying (supposedly non-writable) buffer using the tensor. You may want to copy the buffer to protect its data or make it writable before converting it to a tensor. This type of warning will be suppressed for the rest of this program. (Triggered internally at /pytorch/torch/csrc/utils/tensor_new.cpp:1581.)
  return fn(*args, **kwargs)
[2026-08-27 15:11:09 PP1 ATTN_CP2 TP2 EP2] [PP-OUTPUT-DEBUG] send queued: role=last-new-output pp_rank=1 tp_rank=0 cp_rank=2 target_mb=1 work_count=3
[2026-08-27 15:11:09 PP1 ATTN_CP2 TP2 EP2] [PP-OUTPUT-DEBUG] commit end: pp_rank=1 tp_rank=0 cp_rank=2 next_first_mb=1 next_mb=0 received_output=False d2h_event=<torch_npu.npu.Event 0xaaab01a26488> new_send_work=3
[2026-08-27 15:11:09 PP1 ATTN_CP0 TP0 EP0] [PP-OUTPUT-DEBUG] commit begin: pp_rank=1 tp_rank=0 cp_rank=0 next_first_mb=1 next_mb=0 pending_send_work=0 has_pp_outputs=False
[2026-08-27 15:11:09 PP1 ATTN_CP0 TP0 EP0] [PP-OUTPUT-DEBUG] previous send committed: pp_rank=1 tp_rank=0 cp_rank=0 next_first_mb=1 next_mb=0
[2026-08-27 15:11:09 PP1 ATTN_CP0 TP0 EP0] [PP-OUTPUT-DEBUG] send/recv plan: pp_rank=1 tp_rank=0 cp_rank=0 next_first_mb=1 next_mb=0 send_first=False is_last=True has_forward_output=False send_target_exists=True recv_target_exists=True last_queue_len=1
[2026-08-27 15:11:09 PP1 ATTN_CP0 TP0 EP0] [PP-OUTPUT-DEBUG] send begin: role=last-new-output pp_rank=1 tp_rank=0 cp_rank=0 target_mb=1 queue_len_before=1 keys=['next_token_ids']
/usr/local/python3.12.13/lib/python3.12/site-packages/torch_npu/contrib/transfer_to_npu.py:191: UserWarning: The given buffer is not writable, and PyTorch does not support non-writable tensors. This means you can write to the underlying (supposedly non-writable) buffer using the tensor. You may want to copy the buffer to protect its data or make it writable before converting it to a tensor. This type of warning will be suppressed for the rest of this program. (Triggered internally at /pytorch/torch/csrc/utils/tensor_new.cpp:1581.)
  return fn(*args, **kwargs)
[2026-08-27 15:11:09 PP1 ATTN_CP0 TP0 EP0] [PP-OUTPUT-DEBUG] send queued: role=last-new-output pp_rank=1 tp_rank=0 cp_rank=0 target_mb=1 work_count=3
[2026-08-27 15:11:09 PP1 ATTN_CP0 TP0 EP0] [PP-OUTPUT-DEBUG] commit end: pp_rank=1 tp_rank=0 cp_rank=0 next_first_mb=1 next_mb=0 received_output=False d2h_event=<torch_npu.npu.Event 0xaaab3c7c3428> new_send_work=3

